Date,MeanTemp,GHG emmisions
1880-01-06,-0.3,35672268.57
1880-01-06,0.0009,39108796.33
1880-02-06,-0.21,35877252.06
1880-02-06,-0.1229,34823678.78
1880-03-06,-0.18,36933995.13
1880-03-06,-0.1357,38691620.52
1880-04-06,-0.27,35121297.98
1880-04-06,-0.0499,38933959.45
1880-05-06,-0.14,37155525.55
1880-05-06,-0.0738,39635076.46
1880-06-06,-0.29,35542615.63
1880-06-06,-0.1692,37443417.71
1880-07-06,-0.24,35465949.98
1880-07-06,-0.1491,35972997.7
1880-08-06,-0.08,34999716.67
1880-08-06,-0.0725,36567935.77
1880-09-06,-0.17,37494255.28
1880-09-06,-0.0817,35974173.54
1880-10-06,-0.16,36398166.03
1880-10-06,-0.1786,36410471.58
1880-11-06,-0.19,34851359.95
1880-11-06,-0.2672,35376082.73
1880-12-06,-0.22,37622745.8
1880-12-06,-0.0775,40334710.79
1881-01-06,-0.1,37611854.47
1881-01-06,-0.0205,42102029.56
1881-02-06,-0.14,38507810.67
1881-02-06,-0.0296,40776292.25
1881-03-06,0.01,41257556.02
1881-03-06,0.0348,37403346.07
1881-04-06,-0.03,38159348.29
1881-04-06,0.0734,37269547.46
1881-05-06,-0.04,38760836.46
1881-05-06,0.0284,41033548.87
1881-06-06,-0.28,38354138.49
1881-06-06,-0.0892,38216611.23
1881-07-06,-0.07,37505450.14
1881-07-06,-0.0329,37419123.57
1881-08-06,-0.03,36929347.5
1881-08-06,-0.0519,38626751.96
1881-09-06,-0.09,39018378.68
1881-09-06,-0.1824,37301969.39
1881-10-06,-0.2,37644333.9
1881-10-06,-0.2207,41289177.18
1881-11-06,-0.26,39780761.88
1881-11-06,-0.2194,37178087.96
1881-12-06,-0.16,39918514.54
1881-12-06,-0.0439,39860532.43
1882-01-06,0.09,43471290.39
1882-01-06,0.0883,42949842.49
1882-02-06,0.08,41669783.92
1882-02-06,0.0385,38069176.68
1882-03-06,0.01,39397774.31
1882-03-06,0.0754,42026972.24
1882-04-06,-0.2,41104753.24
1882-04-06,-0.1241,39945616.71
1882-05-06,-0.18,42841699.02
1882-05-06,-0.1459,42148419.27
1882-06-06,-0.25,44075003.56
1882-06-06,-0.1391,41728134.87
1882-07-06,-0.11,41698230.41
1882-07-06,-0.0666,42601936.93
1882-08-06,0.03,38352481.27
1882-08-06,-0.0037,40333195.13
1882-09-06,-0.01,44717832.65
1882-09-06,0.0077,38850845.89
1882-10-06,-0.23,44151872.79
1882-10-06,-0.2101,43254467.99
1882-11-06,-0.21,39797505.22
1882-11-06,-0.1279,39926300.69
1882-12-06,-0.25,38337921.58
1882-12-06,-0.1705,39585334.73
1883-01-06,-0.34,45026254.87
1883-01-06,-0.2707,41353816.37
1883-02-06,-0.42,43218025.36
1883-02-06,-0.2915,39263874.72
1883-03-06,-0.18,40555564.85
1883-03-06,-0.1326,38873801.03
1883-04-06,-0.25,38933996.95
1883-04-06,-0.1746,43912180.48
1883-05-06,-0.26,39874025.49
1883-05-06,-0.1455,40670224.83
1883-06-06,-0.13,42792044.63
1883-06-06,-0.0066,41010896.27
1883-07-06,-0.09,41767681.44
1883-07-06,-0.0849,38776884.78
1883-08-06,-0.14,42824269.38
1883-08-06,-0.0526,44149702.19
1883-09-06,-0.19,39034108.97
1883-09-06,-0.1467,43705830.58
1883-10-06,-0.12,40715189.14
1883-10-06,-0.1612,42265808.65
1883-11-06,-0.21,45344102.31
1883-11-06,-0.1683,44878625.51
1883-12-06,-0.19,43098977.79
1883-12-06,-0.0738,40132648.42
1884-01-06,-0.18,44478068.06
1884-01-06,-0.1843,42843219.46
1884-02-06,-0.13,41485422.87
1884-02-06,-0.143,44599934.14
1884-03-06,-0.36,39095503.23
1884-03-06,-0.2061,41167584.8
1884-04-06,-0.36,42136026.3
1884-04-06,-0.1809,43063212.38
1884-05-06,-0.32,41923380.01
1884-05-06,-0.1282,39718174.26
1884-06-06,-0.38,45817935.19
1884-06-06,-0.1939,40019190.1
1884-07-06,-0.35,44083581.54
1884-07-06,-0.2985,43278260.47
1884-08-06,-0.27,41572916.93
1884-08-06,-0.2698,40220573.75
1884-09-06,-0.24,40755538.87
1884-09-06,-0.2238,43907944.93
1884-10-06,-0.22,41949780.47
1884-10-06,-0.1695,45791372.72
1884-11-06,-0.3,41180810.47
1884-11-06,-0.2692,40191437.8
1884-12-06,-0.3,41112816.59
1884-12-06,-0.144,39282580.68
1885-01-06,-0.66,43296973.29
1885-01-06,-0.4267,40481209.88
1885-02-06,-0.3,40118824.48
1885-02-06,-0.2558,44526642.45
1885-03-06,-0.24,40147350.29
1885-03-06,-0.1473,40268529.26
1885-04-06,-0.45,44854299.6
1885-04-06,-0.2564,43879041.12
1885-05-06,-0.42,46232487.67
1885-05-06,-0.2787,43232516.67
1885-06-06,-0.5,41709674.72
1885-06-06,-0.3052,41482274.39
1885-07-06,-0.29,45957133.13
1885-07-06,-0.2375,39767438.51
1885-08-06,-0.27,43209948.4
1885-08-06,-0.2407,41507030.62
1885-09-06,-0.19,42680110.06
1885-09-06,-0.1963,45078665.67
1885-10-06,-0.2,44346698.76
1885-10-06,-0.1289,39840757.64
1885-11-06,-0.22,45694049.89
1885-11-06,-0.1262,41133414.01
1885-12-06,-0.07,42972572.13
1885-12-06,0.05,43061982.37
1886-01-06,-0.43,47554803.37
1886-01-06,-0.1143,44270392.42
1886-02-06,-0.46,46844415.06
1886-02-06,-0.2795,44031297.23
1886-03-06,-0.41,45462095.27
1886-03-06,-0.2823,46905277.55
1886-04-06,-0.29,44274024.98
1886-04-06,-0.1679,47830653.68
1886-05-06,-0.27,47866464.71
1886-05-06,-0.1573,42663664.55
1886-06-06,-0.39,47392262.46
1886-06-06,-0.2468,42339589.34
1886-07-06,-0.16,44346340.73
1886-07-06,-0.1599,46997765.9
1886-08-06,-0.31,41242393.45
1886-08-06,-0.2146,40738209.83
1886-09-06,-0.19,42983013.82
1886-09-06,-0.1969,43427431.97
1886-10-06,-0.25,46001091.19
1886-10-06,-0.2261,46916990.96
1886-11-06,-0.26,47713869.53
1886-11-06,-0.1952,41813323.97
1886-12-06,-0.25,42769378.26
1886-12-06,-0.163,44377628.78
1887-01-06,-0.66,52419867.57
1887-01-06,-0.3792,47485698.39
1887-02-06,-0.48,46896207.41
1887-02-06,-0.3745,46684320.21
1887-03-06,-0.32,52114452.33
1887-03-06,-0.1655,46507296.02
1887-04-06,-0.37,51185800.46
1887-04-06,-0.1899,52901198.78
1887-05-06,-0.33,51849076.35
1887-05-06,-0.239,47703865.72
1887-06-06,-0.21,51427982.82
1887-06-06,-0.2149,47869275.92
1887-07-06,-0.19,47628750.89
1887-07-06,-0.2707,51587054.86
1887-08-06,-0.28,49857196.42
1887-08-06,-0.3148,47467978.12
1887-09-06,-0.19,47605752.31
1887-09-06,-0.1827,50853708.92
1887-10-06,-0.32,50435863.14
1887-10-06,-0.2995,54331452.73
1887-11-06,-0.25,49065418.83
1887-11-06,-0.1572,51358530.04
1887-12-06,-0.38,47060157.67
1887-12-06,-0.1988,49979997.09
1888-01-06,-0.43,48165748.48
1888-01-06,-0.3871,51789010.55
1888-02-06,-0.43,47340455.07
1888-02-06,-0.3288,50299091.82
1888-03-06,-0.47,47709030.64
1888-03-06,-0.2974,50615274.85
1888-04-06,-0.28,53016032.71
1888-04-06,-0.1761,49145836.14
1888-05-06,-0.22,46697256.35
1888-05-06,-0.1561,52528916.79
1888-06-06,-0.2,54108123.99
1888-06-06,-0.0943,48907238.28
1888-07-06,-0.1,49645250.99
1888-07-06,-0.1149,48047886.03
1888-08-06,-0.11,52533178.37
1888-08-06,-0.1633,52360597.94
1888-09-06,-0.07,48296157.65
1888-09-06,-0.069,48605801.56
1888-10-06,0.01,47556338.09
1888-10-06,0.019,48721186.54
1888-11-06,0,46856827.24
1888-11-06,-0.0418,47024298.55
1888-12-06,-0.12,51882360.47
1888-12-06,0.0445,49953514.89
1889-01-06,-0.21,50870909
1889-01-06,-0.0944,58720939.82
1889-02-06,0.14,56834172.6
1889-02-06,0.0152,54518240.76
1889-03-06,0.04,52554290.11
1889-03-06,0.1207,54191602.11
1889-04-06,0.04,55208870.37
1889-04-06,0.0496,52184184.61
1889-05-06,-0.03,53320793.16
1889-05-06,-0.0326,50305501.3
1889-06-06,-0.12,55745494.22
1889-06-06,-0.0698,54081217.88
1889-07-06,-0.05,57278919.65
1889-07-06,-0.1604,50539884.17
1889-08-06,-0.18,50734631.1
1889-08-06,-0.137,56771468.91
1889-09-06,-0.18,50665249.21
1889-09-06,-0.2264,54261255.65
1889-10-06,-0.22,56454656.81
1889-10-06,-0.1913,52214677.41
1889-11-06,-0.32,53887122.55
1889-11-06,-0.2769,53835672.57
1889-12-06,-0.31,55906485.62
1889-12-06,-0.175,57378419.41
1890-01-06,-0.48,56159674.43
1890-01-06,-0.3594,53599534.14
1890-02-06,-0.48,52259976.41
1890-02-06,-0.4268,59980265.35
1890-03-06,-0.41,58280420.62
1890-03-06,-0.3189,56429860
1890-04-06,-0.38,60147978.13
1890-04-06,-0.2588,59599203.54
1890-05-06,-0.48,56391221.68
1890-05-06,-0.3892,57049555.1
1890-06-06,-0.27,55887947.59
1890-06-06,-0.2875,57352830.32
1890-07-06,-0.3,57703296.13
1890-07-06,-0.2802,55628233.27
1890-08-06,-0.36,55382160.71
1890-08-06,-0.3257,58146989.65
1890-09-06,-0.36,57982794.66
1890-09-06,-0.3508,54171550.81
1890-10-06,-0.23,58371133.37
1890-10-06,-0.2941,55418465.05
1890-11-06,-0.37,56205843.43
1890-11-06,-0.3419,60179679.47
1890-12-06,-0.3,51311772.4
1890-12-06,-0.2302,55240491.74
1891-01-06,-0.46,55447536.44
1891-01-06,-0.3772,55880071.47
1891-02-06,-0.49,59135438.42
1891-02-06,-0.5228,61503146.7
1891-03-06,-0.15,57472456.48
1891-03-06,-0.212,54275991.81
1891-04-06,-0.25,55245185.89
1891-04-06,-0.2523,54456565.17
1891-05-06,-0.17,57020933.53
1891-05-06,-0.1374,55352002.94
1891-06-06,-0.22,54422528.63
1891-06-06,-0.2023,53792417.48
1891-07-06,-0.22,54366506.05
1891-07-06,-0.2264,61524804.98
1891-08-06,-0.21,57153539.53
1891-08-06,-0.2313,61699559.46
1891-09-06,-0.13,58490251.41
1891-09-06,-0.1514,58466537.49
1891-10-06,-0.24,56902551.46
1891-10-06,-0.2861,52603286.18
1891-11-06,-0.37,60511102.96
1891-11-06,-0.3968,56644311.91
1891-12-06,-0.03,58602928.44
1891-12-06,-0.0421,59114968.17
1892-01-06,-0.26,56982101.67
1892-01-06,-0.2372,55781551.61
1892-02-06,-0.15,59858576.52
1892-02-06,-0.1353,59816850.95
1892-03-06,-0.36,59464998.39
1892-03-06,-0.3032,60844880.32
1892-04-06,-0.35,54928105.99
1892-04-06,-0.3203,54747183.34
1892-05-06,-0.25,60735214.61
1892-05-06,-0.3081,53038438.64
1892-06-06,-0.2,55628919.24
1892-06-06,-0.2831,60883069.99
1892-07-06,-0.28,57301172.03
1892-07-06,-0.3497,55226021.59
1892-08-06,-0.2,55951000.31
1892-08-06,-0.3279,54640479.86
1892-09-06,-0.25,54226602.17
1892-09-06,-0.2198,52482391.46
1892-10-06,-0.17,52248918.96
1892-10-06,-0.2464,53582124.1
1892-11-06,-0.49,60299631.31
1892-11-06,-0.4728,55129273.29
1892-12-06,-0.29,55984395.21
1892-12-06,-0.4708,53894526.45
1893-01-06,-0.69,53254758.81
1893-01-06,-0.6796,57663255.21
1893-02-06,-0.51,58098966.09
1893-02-06,-0.6107,60884163.84
1893-03-06,-0.24,55050268.17
1893-03-06,-0.2218,55343189.91
1893-04-06,-0.32,62375375.67
1893-04-06,-0.35,61405490.99
1893-05-06,-0.35,62673462.87
1893-05-06,-0.3421,58319431.86
1893-06-06,-0.24,57882985.18
1893-06-06,-0.2405,60100573.91
1893-07-06,-0.14,60552443.93
1893-07-06,-0.2018,56887477.61
1893-08-06,-0.24,61519976.97
1893-08-06,-0.3281,59243169.65
1893-09-06,-0.18,54982186.56
1893-09-06,-0.2587,54225879.33
1893-10-06,-0.16,56765377.36
1893-10-06,-0.2099,53830422.54
1893-11-06,-0.17,62076347.78
1893-11-06,-0.1657,55049216.34
1893-12-06,-0.38,62555249.96
1893-12-06,-0.2452,60126496.43
1894-01-06,-0.55,62291027.23
1894-01-06,-0.436,58973021.25
1894-02-06,-0.31,62862474.04
1894-02-06,-0.2215,57130480.23
1894-03-06,-0.2,64419376.21
1894-03-06,-0.2064,65697710.95
1894-04-06,-0.41,63889815.72
1894-04-06,-0.3023,64705680.94
1894-05-06,-0.3,62793319.34
1894-05-06,-0.3018,65918334.91
1894-06-06,-0.43,64147428.16
1894-06-06,-0.3487,56726981.7
1894-07-06,-0.32,64073678.04
1894-07-06,-0.2738,62266142.84
1894-08-06,-0.29,64621248.99
1894-08-06,-0.2735,56953670.92
1894-09-06,-0.23,58741066.99
1894-09-06,-0.2531,60173050.51
1894-10-06,-0.17,62462879.27
1894-10-06,-0.2135,60418388.32
1894-11-06,-0.25,60616551.88
1894-11-06,-0.2979,59762354.07
1894-12-06,-0.22,63168228
1894-12-06,-0.2412,62470545.51
1895-01-06,-0.44,67079394.15
1895-01-06,-0.4389,62018023.34
1895-02-06,-0.42,61898291.48
1895-02-06,-0.4136,65807962.33
1895-03-06,-0.3,64166678.23
1895-03-06,-0.2879,65691611.04
1895-04-06,-0.23,62441367.54
1895-04-06,-0.1868,64350488.22
1895-05-06,-0.23,59514382.33
1895-05-06,-0.2076,61045784.88
1895-06-06,-0.25,64246114.37
1895-06-06,-0.2938,67545052.77
1895-07-06,-0.16,67330331.8
1895-07-06,-0.201,64257455.49
1895-08-06,-0.16,58750707.32
1895-08-06,-0.2243,63638683.38
1895-09-06,-0.02,66867433.43
1895-09-06,-0.1329,60003291.26
1895-10-06,-0.11,66214044.19
1895-10-06,-0.1317,63609035.91
1895-11-06,-0.15,67566062.3
1895-11-06,-0.1602,60462228.71
1895-12-06,-0.12,61378480.94
1895-12-06,-0.069,67830396.61
1896-01-06,-0.23,65435425.72
1896-01-06,-0.1056,65673190.52
1896-02-06,-0.15,65947467.94
1896-02-06,-0.0789,62082781.65
1896-03-06,-0.29,68454750.67
1896-03-06,-0.2079,65555681.41
1896-04-06,-0.33,71688109.38
1896-04-06,-0.266,68929077.7
1896-05-06,-0.19,64813731.06
1896-05-06,-0.1042,65130863.21
1896-06-06,-0.13,64482697.23
1896-06-06,-0.0925,71215318.57
1896-07-06,-0.06,69695656.09
1896-07-06,-0.0509,66241572.34
1896-08-06,-0.09,69838386.41
1896-08-06,-0.0723,66978505.94
1896-09-06,-0.05,63170428.41
1896-09-06,-0.0679,62900548.69
1896-10-06,0.04,71324299.28
1896-10-06,-0.0056,69053059.94
1896-11-06,-0.16,65623130.88
1896-11-06,-0.1659,63839348.88
1896-12-06,-0.12,70022851.68
1896-12-06,0.049,68216110.39
1897-01-06,-0.22,74074917.67
1897-01-06,-0.1857,67902273.04
1897-02-06,-0.19,73150700.75
1897-02-06,-0.1086,74554608.32
1897-03-06,-0.12,73032126.68
1897-03-06,-0.1863,71098438.5
1897-04-06,-0.01,63442918.65
1897-04-06,-0.0032,63462079.09
1897-05-06,0,66875783.8
1897-05-06,-0.0256,71525938.13
1897-06-06,-0.12,65949351.41
1897-06-06,-0.1,69841630.13
1897-07-06,-0.04,72823303.81
1897-07-06,-0.0401,74756880.19
1897-08-06,-0.03,69954722.37
1897-08-06,-0.0735,68993413.29
1897-09-06,-0.04,66092012.14
1897-09-06,-0.0247,74784571.39
1897-10-06,-0.1,74814951.78
1897-10-06,-0.1608,71108701.48
1897-11-06,-0.18,73344768.73
1897-11-06,-0.2619,65575964.21
1897-12-06,-0.26,72608572.34
1897-12-06,-0.2989,74511234.1
1898-01-06,-0.06,80026172.71
1898-01-06,-0.0399,72593137.74
1898-02-06,-0.34,82054369.51
1898-02-06,-0.2785,82814812.36
1898-03-06,-0.55,80024780.35
1898-03-06,-0.6515,76410772.3
1898-04-06,-0.33,71752460.35
1898-04-06,-0.3467,72761921.66
1898-05-06,-0.35,73754593.32
1898-05-06,-0.2887,74506027.29
1898-06-06,-0.2,81075226.44
1898-06-06,-0.2078,73489631.72
1898-07-06,-0.22,82425948.67
1898-07-06,-0.2426,72551514.13
1898-08-06,-0.22,71823924.93
1898-08-06,-0.2306,77943320.56
1898-09-06,-0.19,74868636.23
1898-09-06,-0.1968,80471754.18
1898-10-06,-0.32,72873324.8
1898-10-06,-0.3234,82939244.79
1898-11-06,-0.35,79959984.16
1898-11-06,-0.2417,82049527.05
1898-12-06,-0.22,75566751.56
1898-12-06,-0.0073,76170933.2
1899-01-06,-0.18,86010835.3
1899-01-06,-0.1005,75172459.51
1899-02-06,-0.39,83446117.66
1899-02-06,-0.2787,75238761.02
1899-03-06,-0.35,82435864.56
1899-03-06,-0.2549,80460659.9
1899-04-06,-0.21,81407324.36
1899-04-06,-0.1946,87751745.82
1899-05-06,-0.2,84771387.66
1899-05-06,-0.1203,85102781.91
1899-06-06,-0.26,74932428.39
1899-06-06,-0.1977,76610182.46
1899-07-06,-0.13,76359567.93
1899-07-06,-0.1259,83299420.28
1899-08-06,-0.04,80998279.12
1899-08-06,-0.0664,79122029.2
1899-09-06,0,79668510.69
1899-09-06,-0.0307,84900191.73
1899-10-06,0,85459414.53
1899-10-06,-0.0241,83204336.38
1899-11-06,0.12,87819174.63
1899-11-06,0.1523,88374051.68
1899-12-06,-0.27,76067682.1
1899-12-06,-0.1656,75001008.19
06/01/1900,-0.4,89534167.85
06/01/1900,-0.2404,82621107.2
06/02/1900,-0.08,89921281.24
06/02/1900,-0.0934,80483780.95
06/03/1900,0.02,84933834.73
06/03/1900,-0.0402,85407717.48
06/04/1900,-0.14,86438333.53
06/04/1900,-0.0985,80362574.93
06/05/1900,-0.06,76546092.08
06/05/1900,-0.0371,85434213.35
06/06/1900,-0.15,86242366.55
06/06/1900,-0.045,87063935.04
06/07/1900,-0.09,89217944.48
06/07/1900,-0.0728,82803317.32
06/08/1900,-0.04,77935635.86
06/08/1900,-0.0708,84853411.45
06/09/1900,0.01,83885362.12
06/09/1900,-0.06,86309395.02
06/10/1900,0.08,81282328.72
06/10/1900,0.0464,81950665.19
06/11/1900,-0.13,87875239.01
06/11/1900,-0.1345,87822822.92
06/12/1900,-0.14,77510733.77
06/12/1900,0.032,81984298.22
06/01/1901,-0.3,90560575.81
06/01/1901,-0.1259,91460312.06
06/02/1901,-0.05,91525341.78
06/02/1901,-0.0741,85534701.15
06/03/1901,0.05,92185221.53
06/03/1901,-0.0327,85441808.58
06/04/1901,-0.06,82810961.04
06/04/1901,-0.0646,88118781.18
06/05/1901,-0.18,89170738.37
06/05/1901,-0.1248,81455325.23
06/06/1901,-0.1,89830652.74
06/06/1901,-0.1273,91441134.17
06/07/1901,-0.09,94208500.68
06/07/1901,-0.1563,86077486.92
06/08/1901,-0.13,81276629.54
06/08/1901,-0.1299,82368982.12
06/09/1901,-0.17,82041503.86
06/09/1901,-0.2059,81876149.77
06/10/1901,-0.29,84631043.18
06/10/1901,-0.2786,80732590.97
06/11/1901,-0.17,90113020.59
06/11/1901,-0.1425,81841868.13
06/12/1901,-0.3,82494703.17
06/12/1901,-0.2372,82748120.43
06/01/1902,-0.19,95068320.23
06/01/1902,-0.0856,94695902.93
06/02/1902,-0.03,90171599.47
06/02/1902,-0.0409,95578616.95
06/03/1902,-0.29,88948788.2
06/03/1902,-0.1954,99843707.17
06/04/1902,-0.27,98338713.78
06/04/1902,-0.2697,94565874.48
06/05/1902,-0.31,94399433.94
06/05/1902,-0.2616,91352538.09
06/06/1902,-0.34,96459773.71
06/06/1902,-0.3324,99937827.38
06/07/1902,-0.26,89916151.08
06/07/1902,-0.2902,89416779.36
06/08/1902,-0.28,95852170.29
06/08/1902,-0.2643,89821795.22
06/09/1902,-0.2,98461303.55
06/09/1902,-0.2315,96890056.42
06/10/1902,-0.27,99047670.03
06/10/1902,-0.2821,92855023.54
06/11/1902,-0.36,86930579.9
06/11/1902,-0.343,98506994.65
06/12/1902,-0.46,86564143.73
06/12/1902,-0.3592,94989682.89
06/01/1903,-0.27,93198912.13
06/01/1903,-0.2101,89680939.41
06/02/1903,-0.06,92821161.31
06/02/1903,-0.08,94014909.99
06/03/1903,-0.23,101963010.6
06/03/1903,-0.2755,100414285
06/04/1903,-0.39,94491808.29
06/04/1903,-0.354,87808346.94
06/05/1903,-0.41,97975022.42
06/05/1903,-0.3912,99348540
06/06/1903,-0.44,91065635.46
06/06/1903,-0.3759,88566710.11
06/07/1903,-0.3,90380351.4
06/07/1903,-0.334,99845178.69
06/08/1903,-0.44,91721902.74
06/08/1903,-0.4296,93309800.23
06/09/1903,-0.43,97988932.41
06/09/1903,-0.3756,86823976.42
06/10/1903,-0.42,94531478.58
06/10/1903,-0.4357,98715708.75
06/11/1903,-0.38,101066754.1
06/11/1903,-0.395,98281857.36
06/12/1903,-0.47,98946460.3
06/12/1903,-0.3861,99797654.36
06/01/1904,-0.64,108535481.3
06/01/1904,-0.5416,102185935.7
06/02/1904,-0.55,99488887.28
06/02/1904,-0.467,104019344.5
06/03/1904,-0.46,96612830.54
06/03/1904,-0.5129,94187383.73
06/04/1904,-0.5,106261664.5
06/04/1904,-0.4717,98042776.31
06/05/1904,-0.5,101410245.5
06/05/1904,-0.4282,104995727
06/06/1904,-0.49,94374466.55
06/06/1904,-0.4403,103902095
06/07/1904,-0.48,95927544.41
06/07/1904,-0.4597,107559064.3
06/08/1904,-0.43,100780646.8
06/08/1904,-0.4314,106813986.2
06/09/1904,-0.47,94501066.04
06/09/1904,-0.4632,96183918.99
06/10/1904,-0.35,101645537.7
06/10/1904,-0.4066,104266498.9
06/11/1904,-0.16,107145237.9
06/11/1904,-0.1686,97119603.47
06/12/1904,-0.29,98054054.47
06/12/1904,-0.2414,107130773.8
06/01/1905,-0.38,109794082
06/01/1905,-0.354,111981835.4
06/02/1905,-0.59,102024477.9
06/02/1905,-0.6187,109435731.8
06/03/1905,-0.25,106960758.7
06/03/1905,-0.394,112801345.3
06/04/1905,-0.36,97420502.1
06/04/1905,-0.4481,107971913.4
06/05/1905,-0.33,114601702.5
06/05/1905,-0.2879,108359452.9
06/06/1905,-0.31,107063633.2
06/06/1905,-0.2503,103476262.1
06/07/1905,-0.25,107473736.5
06/07/1905,-0.1918,114280413.8
06/08/1905,-0.21,101251185.5
06/08/1905,-0.2275,106124165.8
06/09/1905,-0.15,100928824.9
06/09/1905,-0.2239,108779926.2
06/10/1905,-0.23,99896403.07
06/10/1905,-0.296,100471302.4
06/11/1905,-0.08,102284992.2
06/11/1905,-0.0916,106012175.7
06/12/1905,-0.21,104820306.4
06/12/1905,-0.1334,110000230.9
06/01/1906,-0.31,127660204.1
06/01/1906,-0.1755,127841127
06/02/1906,-0.34,116403453.6
06/02/1906,-0.2379,128723148.3
06/03/1906,-0.15,120473398.7
06/03/1906,-0.1484,121191865.3
06/04/1906,-0.02,112515376.7
06/04/1906,-0.0514,121758939
06/05/1906,-0.21,123497206.3
06/05/1906,-0.2166,116974309.4
06/06/1906,-0.22,123968409
06/06/1906,-0.1768,120881923
06/07/1906,-0.27,117747308.7
06/07/1906,-0.2467,111458558
06/08/1906,-0.19,129137753.3
06/08/1906,-0.2362,120642393
06/09/1906,-0.25,111122079.3
06/09/1906,-0.3053,112674446
06/10/1906,-0.2,129573881.8
06/10/1906,-0.2809,114476781.9
06/11/1906,-0.38,125040858.3
06/11/1906,-0.3676,110295909.6
06/12/1906,-0.18,115160710.6
06/12/1906,-0.165,128612809.3
06/01/1907,-0.44,113155876.9
06/01/1907,-0.3443,116082291.1
06/02/1907,-0.53,111808309.3
06/02/1907,-0.4038,114155591.8
06/03/1907,-0.25,120851681.6
06/03/1907,-0.276,109952952
06/04/1907,-0.4,123365072.4
06/04/1907,-0.3508,121519354.5
06/05/1907,-0.46,105604041.1
06/05/1907,-0.4669,113105746.9
06/06/1907,-0.43,113588805.4
06/06/1907,-0.3742,115358614.5
06/07/1907,-0.35,115819188.8
06/07/1907,-0.3547,111035877.4
06/08/1907,-0.37,123106414.9
06/08/1907,-0.3378,113056976.5
06/09/1907,-0.32,121642850
06/09/1907,-0.3364,122398998.5
06/10/1907,-0.24,120175313.8
06/10/1907,-0.3047,120566273.7
06/11/1907,-0.51,117028659.4
06/11/1907,-0.5055,111270308.9
06/12/1907,-0.5,108011936.6
06/12/1907,-0.3922,116626688.1
06/01/1908,-0.46,114688535
06/01/1908,-0.36,118153922.3
06/02/1908,-0.36,120354093.8
06/02/1908,-0.3753,124062885.7
06/03/1908,-0.58,124028074.8
06/03/1908,-0.6041,111763921.3
06/04/1908,-0.46,128542295.7
06/04/1908,-0.4832,118438219.9
06/05/1908,-0.4,122483771.8
06/05/1908,-0.3982,122720797.9
06/06/1908,-0.39,110757141.5
06/06/1908,-0.4062,117993423.4
06/07/1908,-0.35,118786280.7
06/07/1908,-0.3874,110741628.5
06/08/1908,-0.45,129930557.7
06/08/1908,-0.4787,127466280.2
06/09/1908,-0.33,117725984.1
06/09/1908,-0.3973,126661213.9
06/10/1908,-0.43,116733257.9
06/10/1908,-0.5169,117713225.9
06/11/1908,-0.51,127123481.4
06/11/1908,-0.4833,118566087.8
06/12/1908,-0.5,125497622
06/12/1908,-0.3846,119720857.1
06/01/1909,-0.7,121218032.6
06/01/1909,-0.5499,119256372.5
06/02/1909,-0.47,137793486.9
06/02/1909,-0.4563,136523821
06/03/1909,-0.52,123320260.9
06/03/1909,-0.5399,120324923.1
06/04/1909,-0.59,119056323.4
06/04/1909,-0.5264,134848214.9
06/05/1909,-0.54,132757009.1
06/05/1909,-0.4512,118302438.9
06/06/1909,-0.52,134992504
06/06/1909,-0.4145,133629968.5
06/07/1909,-0.43,124657440
06/07/1909,-0.435,119411299
06/08/1909,-0.3,127352842.5
06/08/1909,-0.3052,119638463.6
06/09/1909,-0.37,135546443.4
06/09/1909,-0.3611,126796217.9
06/10/1909,-0.39,119599871.7
06/10/1909,-0.3935,122437248.7
06/11/1909,-0.31,121411032.3
06/11/1909,-0.2733,119479513.7
06/12/1909,-0.55,134312122.7
06/12/1909,-0.4071,129490146.8
06/01/1910,-0.44,120790495.7
06/01/1910,-0.3035,125639181.4
06/02/1910,-0.43,129334056.9
06/02/1910,-0.3627,126942034.8
06/03/1910,-0.47,126492895.6
06/03/1910,-0.4202,130598239.5
06/04/1910,-0.39,134651164.1
06/04/1910,-0.339,127898985.2
06/05/1910,-0.34,134857333.1
06/05/1910,-0.2999,125727013.9
06/06/1910,-0.36,134873388.5
06/06/1910,-0.3525,130919029.3
06/07/1910,-0.31,118952588.5
06/07/1910,-0.3264,138550540.5
06/08/1910,-0.34,120899371.3
06/08/1910,-0.3325,133725863.5
06/09/1910,-0.37,138989903.3
06/09/1910,-0.3322,121049604.5
06/10/1910,-0.39,130805771.1
06/10/1910,-0.4199,127216996.6
06/11/1910,-0.56,130336376.3
06/11/1910,-0.4956,123448862.2
06/12/1910,-0.69,134013948.2
06/12/1910,-0.5626,120550825.2
06/01/1911,-0.64,124502286
06/01/1911,-0.5067,134185883.1
06/02/1911,-0.6,127803964.4
06/02/1911,-0.5265,144202747.3
06/03/1911,-0.62,136290512.6
06/03/1911,-0.5697,128554314.9
06/04/1911,-0.55,130567943
06/04/1911,-0.5099,136736225.2
06/05/1911,-0.51,144439283.6
06/05/1911,-0.4775,142677592.8
06/06/1911,-0.47,125261683.9
06/06/1911,-0.4443,138900558.5
06/07/1911,-0.41,127585583.4
06/07/1911,-0.4658,143770028.5
06/08/1911,-0.43,139572633.5
06/08/1911,-0.4541,142695439.8
06/09/1911,-0.38,131136229.7
06/09/1911,-0.3983,135074810.3
06/10/1911,-0.26,138480888.4
06/10/1911,-0.3433,146798934
06/11/1911,-0.2,130847298.5
06/11/1911,-0.2571,126309029
06/12/1911,-0.25,125311045.8
06/12/1911,-0.2456,131698104.9
06/01/1912,-0.27,140592828.2
06/01/1912,-0.2791,145523029.2
06/02/1912,-0.13,150798046.2
06/02/1912,-0.1091,140799557
06/03/1912,-0.37,140650353.3
06/03/1912,-0.3123,134323876.9
06/04/1912,-0.2,136900933.9
06/04/1912,-0.2027,153488699.5
06/05/1912,-0.2,156136877.6
06/05/1912,-0.2257,141721381.6
06/06/1912,-0.26,148281256.5
06/06/1912,-0.26,139318025
06/07/1912,-0.41,152038103.9
06/07/1912,-0.314,149191691.8
06/08/1912,-0.51,151341421.3
06/08/1912,-0.4516,147483907.7
06/09/1912,-0.47,142181109.4
06/09/1912,-0.5056,152417853.7
06/10/1912,-0.55,139338546.4
06/10/1912,-0.5185,145863966.2
06/11/1912,-0.38,151431080.1
06/11/1912,-0.4122,144820930
06/12/1912,-0.42,152042069.7
06/12/1912,-0.3553,141580409.1
06/01/1913,-0.41,139409311.5
06/01/1913,-0.3513,125641476.3
06/02/1913,-0.44,122231242.2
06/02/1913,-0.3899,137420862.7
06/03/1913,-0.44,134697001.1
06/03/1913,-0.4077,122103021.4
06/04/1913,-0.36,124727634.1
06/04/1913,-0.3506,133639251.8
06/05/1913,-0.45,129808898.5
06/05/1913,-0.394,138120853.6
06/06/1913,-0.46,140767569.8
06/06/1913,-0.3779,136632327.4
06/07/1913,-0.34,139565973.2
06/07/1913,-0.3534,141038875.2
06/08/1913,-0.32,124035932.8
06/08/1913,-0.328,140738846.1
06/09/1913,-0.32,136488760.5
06/09/1913,-0.3562,140801782.2
06/10/1913,-0.34,122821189.2
06/10/1913,-0.3112,138849871.2
06/11/1913,-0.18,127954631.4
06/11/1913,-0.1371,131168511.6
06/12/1913,-0.04,121047931.4
06/12/1913,-0.0374,124284069.7
06/01/1914,0.02,138387334.3
06/01/1914,0.0961,135522820
06/02/1914,-0.13,132641441.2
06/02/1914,-0.1203,132526233.6
06/03/1914,-0.23,121956591.9
06/03/1914,-0.1633,133108004.4
06/04/1914,-0.28,134489487.7
06/04/1914,-0.2481,120177511.9
06/05/1914,-0.19,120601167.2
06/05/1914,-0.1647,138453511.4
06/06/1914,-0.22,134184317
06/06/1914,-0.1963,119454816.4
06/07/1914,-0.24,138106659
06/07/1914,-0.2095,134504695.2
06/08/1914,-0.15,120069047.5
06/08/1914,-0.1757,126383053.1
06/09/1914,-0.13,133572879.7
06/09/1914,-0.1781,126001360.2
06/10/1914,-0.05,125030370.1
06/10/1914,-0.0938,132426649.4
06/11/1914,-0.2,132603685
06/11/1914,-0.1202,139087543.8
06/12/1914,-0.1,128999584.3
06/12/1914,-0.0998,132099873.8
06/01/1915,-0.2,128427040.6
06/01/1915,-0.1374,150532537.6
06/02/1915,-0.01,148506088.8
06/02/1915,-0.0108,149556356.6
06/03/1915,-0.08,144098002.9
06/03/1915,-0.1011,142411456.6
06/04/1915,0.07,144385967.3
06/04/1915,0.0215,128597105.9
06/05/1915,-0.01,134763557.9
06/05/1915,-0.0685,136340376.6
06/06/1915,-0.16,128533451.8
06/06/1915,-0.0858,151157855.5
06/07/1915,-0.03,150970663.9
06/07/1915,-0.0284,134583102.6
06/08/1915,-0.15,131099188.1
06/08/1915,-0.076,132116864.6
06/09/1915,-0.12,138188263.2
06/09/1915,-0.1111,149042122.4
06/10/1915,-0.22,143901823.4
06/10/1915,-0.1722,151048723.5
06/11/1915,-0.12,144183245.4
06/11/1915,-0.0116,132666592.7
06/12/1915,-0.25,143792887.7
06/12/1915,-0.0503,139759212.3
06/01/1916,-0.2,138683462
06/01/1916,-0.1797,139543232.4
06/02/1916,-0.23,160369329.7
06/02/1916,-0.1759,154610977.6
06/03/1916,-0.31,140555077.6
06/03/1916,-0.2944,140021920.5
06/04/1916,-0.25,147295847.4
06/04/1916,-0.1978,140916888.4
06/05/1916,-0.27,148565974.5
06/05/1916,-0.2245,160613046.3
06/06/1916,-0.44,159527186.2
06/06/1916,-0.3834,153347239.7
06/07/1916,-0.34,148564034.5
06/07/1916,-0.2889,141626865.4
06/08/1916,-0.27,149945917.3
06/08/1916,-0.2743,141747618.6
06/09/1916,-0.29,156445754
06/09/1916,-0.2616,138481817.7
06/10/1916,-0.28,160817239.1
06/10/1916,-0.2651,142874315.3
06/11/1916,-0.42,142814856.7
06/11/1916,-0.3957,138528090
06/12/1916,-0.78,150312513
06/12/1916,-0.5742,137346446
06/01/1917,-0.46,135627483.8
06/01/1917,-0.4299,146023641.8
06/02/1917,-0.53,140173762.4
06/02/1917,-0.4721,144761273.3
06/03/1917,-0.47,153315483.8
06/03/1917,-0.4287,151228475.8
06/04/1917,-0.38,156938935.7
06/04/1917,-0.3146,136845846.7
06/05/1917,-0.48,148923067.3
06/05/1917,-0.45,145753581.6
06/06/1917,-0.4,144317540.7
06/06/1917,-0.3432,142301067.3
06/07/1917,-0.23,140911217
06/07/1917,-0.1721,147709710.9
06/08/1917,-0.26,148623104.2
06/08/1917,-0.1726,151191520
06/09/1917,-0.18,142119799.5
06/09/1917,-0.0635,138257624.4
06/10/1917,-0.35,139031391
06/10/1917,-0.2602,147902190.3
06/11/1917,-0.29,137189997.2
06/11/1917,-0.1348,156354970.7
06/12/1917,-0.71,135931454
06/12/1917,-0.5329,152001584.7
06/01/1918,-0.44,124583266.3
06/01/1918,-0.2146,126342318.8
06/02/1918,-0.33,124754542.4
06/02/1918,-0.2892,127524675.7
06/03/1918,-0.21,134752971.7
06/03/1918,-0.1783,132837327.2
06/04/1918,-0.4,133093786.9
06/04/1918,-0.2966,123312064.1
06/05/1918,-0.37,122412312.3
06/05/1918,-0.276,133637540.1
06/06/1918,-0.28,126631912.3
06/06/1918,-0.1829,123302253
06/07/1918,-0.22,126892916.9
06/07/1918,-0.2024,133503269.8
06/08/1918,-0.26,128213428.2
06/08/1918,-0.1777,126986023.3
06/09/1918,-0.14,115964957.9
06/09/1918,-0.1481,124639421.6
06/10/1918,-0.03,121839578.9
06/10/1918,-0.0998,118848645.8
06/11/1918,-0.16,125634078.9
06/11/1918,-0.1154,125747675.8
06/12/1918,-0.3,115652954.7
06/12/1918,-0.3195,122813531.5
06/01/1919,-0.21,136239652.4
06/01/1919,-0.2424,136917609.8
06/02/1919,-0.19,151609897
06/02/1919,-0.053,151621054.4
06/03/1919,-0.25,160286332.4
06/03/1919,-0.2393,137140002.3
06/04/1919,-0.17,135722616.1
06/04/1919,-0.0704,151197721.9
06/05/1919,-0.2,150566925.4
06/05/1919,-0.1837,152091001.6
06/06/1919,-0.28,160087341.8
06/06/1919,-0.2348,140500415.7
06/07/1919,-0.21,144170250.4
06/07/1919,-0.2155,139749976.7
06/08/1919,-0.19,144614075.4
06/08/1919,-0.2077,152172244.4
06/09/1919,-0.17,138945998.9
06/09/1919,-0.1833,136703819
06/10/1919,-0.16,158644413.9
06/10/1919,-0.22,137944133.8
06/11/1919,-0.29,155684548
06/11/1919,-0.3178,143805963.4
06/12/1919,-0.35,152692135.2
06/12/1919,-0.298,144286391.1
06/01/1920,-0.15,139253065.6
06/01/1920,-0.1157,128279986.5
06/02/1920,-0.22,125088796.3
06/02/1920,-0.2197,139089995.6
06/03/1920,-0.08,130205978.1
06/03/1920,-0.0583,128206154.7
06/04/1920,-0.26,134595103.7
06/04/1920,-0.2098,133375010.4
06/05/1920,-0.26,132967644
06/05/1920,-0.1682,134375898.8
06/06/1920,-0.33,118922716.3
06/06/1920,-0.2559,126197974.4
06/07/1920,-0.32,121183916.6
06/07/1920,-0.2436,119529242.4
06/08/1920,-0.29,131885306.4
06/08/1920,-0.2306,126356611.1
06/09/1920,-0.2,126073400.7
06/09/1920,-0.1755,121986025.9
06/10/1920,-0.29,123412112.3
06/10/1920,-0.2096,132279798.1
06/11/1920,-0.33,132445819.9
06/11/1920,-0.251,120784061.4
06/12/1920,-0.47,137000323.8
06/12/1920,-0.3886,119627822
06/01/1921,-0.04,131240287
06/01/1921,-0.0598,146333289.2
06/02/1921,-0.21,131089200.6
06/02/1921,-0.1494,135063649.5
06/03/1921,-0.28,145421586.6
06/03/1921,-0.2176,136029971.7
06/04/1921,-0.36,126343139.2
06/04/1921,-0.2059,132943017
06/05/1921,-0.36,136176355
06/05/1921,-0.1917,128589623.9
06/06/1921,-0.31,130514864.5
06/06/1921,-0.1665,130033005.1
06/07/1921,-0.16,147376133.2
06/07/1921,-0.1123,140452328.9
06/08/1921,-0.24,129700475.1
06/08/1921,-0.1964,145262921.2
06/09/1921,-0.16,142759933.4
06/09/1921,-0.1481,129901517.4
06/10/1921,-0.06,131182478.2
06/10/1921,-0.0662,134578244.6
06/11/1921,-0.16,127747712.5
06/11/1921,-0.1859,132221098.8
06/12/1921,-0.18,135543023.4
06/12/1921,-0.0822,127727578
06/01/1922,-0.34,148102703.8
06/01/1922,-0.3221,157261975.8
06/02/1922,-0.44,163420367.5
06/02/1922,-0.2945,164410900.9
06/03/1922,-0.13,150760857.2
06/03/1922,-0.0787,163321435.3
06/04/1922,-0.22,144151284.2
06/04/1922,-0.1301,155235723
06/05/1922,-0.34,149807376.5
06/05/1922,-0.2647,157086748.4
06/06/1922,-0.32,152626692.5
06/06/1922,-0.282,156916870.5
06/07/1922,-0.27,147238650.3
06/07/1922,-0.2615,164366925.8
06/08/1922,-0.31,150006808.2
06/08/1922,-0.2793,152563121
06/09/1922,-0.29,142093234.6
06/09/1922,-0.2525,149145195.7
06/10/1922,-0.33,142574164.3
06/10/1922,-0.2506,140330461.4
06/11/1922,-0.17,156626315.6
06/11/1922,-0.1929,155368223.3
06/12/1922,-0.17,156525407.2
06/12/1922,-0.1563,150664026
06/01/1923,-0.27,154262060.5
06/01/1923,-0.2143,149017399.1
06/02/1923,-0.37,147663367.3
06/02/1923,-0.3785,144671830.1
06/03/1923,-0.32,154769463.5
06/03/1923,-0.2697,148528797.1
06/04/1923,-0.38,148838665.1
06/04/1923,-0.3381,154893015
06/05/1923,-0.33,145902307.2
06/05/1923,-0.2488,145587075.7
06/06/1923,-0.24,149692331.9
06/06/1923,-0.1948,144658371.2
06/07/1923,-0.29,164808057.9
06/07/1923,-0.282,144196644.7
06/08/1923,-0.3,147574935.6
06/08/1923,-0.2824,168443846.7
06/09/1923,-0.28,167503142.4
06/09/1923,-0.2454,157030609.7
06/10/1923,-0.13,164034777.1
06/10/1923,-0.1619,163654635.9
06/11/1923,0.03,154373033.8
06/11/1923,0.0285,156429646
06/12/1923,-0.06,159687859.5
06/12/1923,0.0001,146764489.9
06/01/1924,-0.24,162211378.3
06/01/1924,-0.2536,155087071.4
06/02/1924,-0.27,145427797.7
06/02/1924,-0.1859,145449026.8
06/03/1924,-0.12,149638917.3
06/03/1924,-0.113,148589749.8
06/04/1924,-0.35,147713533.8
06/04/1924,-0.2466,162192418.7
06/05/1924,-0.19,145116987.3
06/05/1924,-0.1903,152181400
06/06/1924,-0.28,156955794.1
06/06/1924,-0.2259,147612218.1
06/07/1924,-0.27,166881066.2
06/07/1924,-0.2216,166007387.3
06/08/1924,-0.35,155097777.4
06/08/1924,-0.2895,153956477.4
06/09/1924,-0.3,157335476.7
06/09/1924,-0.2836,162002885.7
06/10/1924,-0.36,167959151.7
06/10/1924,-0.2879,145030458.3
06/11/1924,-0.23,154630441.2
06/11/1924,-0.2942,166476921.3
06/12/1924,-0.43,145673369.3
06/12/1924,-0.3912,150576072.4
06/01/1925,-0.34,142988810.2
06/01/1925,-0.3246,163360337.6
06/02/1925,-0.35,158865346.3
06/02/1925,-0.2783,146068815
06/03/1925,-0.24,139860660.2
06/03/1925,-0.1692,159811152.8
06/04/1925,-0.25,160125053.7
06/04/1925,-0.1633,146015162.7
06/05/1925,-0.3,163528222.4
06/05/1925,-0.2233,139873020.9
06/06/1925,-0.34,153595986.5
06/06/1925,-0.2291,142332139.2
06/07/1925,-0.3,160678194
06/07/1925,-0.2093,155633770.9
06/08/1925,-0.19,160021620
06/08/1925,-0.1374,145271322.4
06/09/1925,-0.13,144879453.6
06/09/1925,-0.104,157741375.3
06/10/1925,-0.17,147069364.2
06/10/1925,-0.1326,152520256
06/11/1925,0.03,154748048.7
06/11/1925,0.0584,148942543.9
06/12/1925,0.11,145983688.6
06/12/1925,0.1358,152285389.9
06/01/1926,0.2,163636610.8
06/01/1926,0.166,152124665.9
06/02/1926,0.07,174143625.8
06/02/1926,0.0811,175585470.7
06/03/1926,0.12,165089897
06/03/1926,0.0756,170513906.5
06/04/1926,-0.15,166071285.3
06/04/1926,-0.1389,160292887.7
06/05/1926,-0.25,172309326.9
06/05/1926,-0.1345,159655961.9
06/06/1926,-0.25,169916971.4
06/06/1926,-0.1224,163617511.4
06/07/1926,-0.21,176937350.6
06/07/1926,-0.1582,162423428.4
06/08/1926,-0.11,177397833.7
06/08/1926,-0.0882,163796368.2
06/09/1926,-0.11,170141045.6
06/09/1926,-0.1031,165638580.5
06/10/1926,-0.11,164239392
06/10/1926,-0.084,159408922.8
06/11/1926,-0.06,164235661.2
06/11/1926,-0.0784,158388490.2
06/12/1926,-0.3,165333438.1
06/12/1926,-0.2158,157475067.4
06/01/1927,-0.28,162432678.6
06/01/1927,-0.1723,158375525.3
06/02/1927,-0.21,164393256.3
06/02/1927,-0.1917,178931223.2
06/03/1927,-0.39,167039482.5
06/03/1927,-0.2563,155663033.9
06/04/1927,-0.31,180367196.6
06/04/1927,-0.2207,156566307.3
06/05/1927,-0.25,167435063.8
06/05/1927,-0.2286,168084190.4
06/06/1927,-0.27,158831637.3
06/06/1927,-0.2014,177087241.8
06/07/1927,-0.15,168618810.6
06/07/1927,-0.1035,163266280.1
06/08/1927,-0.19,159113138.5
06/08/1927,-0.1145,160396438.6
06/09/1927,-0.06,167699093.6
06/09/1927,-0.0275,157326352.8
06/10/1927,-0.01,159946206.1
06/10/1927,0.014,174065524.6
06/11/1927,-0.04,179353755.9
06/11/1927,-0.0397,163800888
06/12/1927,-0.36,155901118.4
06/12/1927,-0.3132,154958698.9
06/01/1928,-0.04,186801114.2
06/01/1928,-0.08,191004915.5
06/02/1928,-0.12,184221369.8
06/02/1928,-0.145,175606058.3
06/03/1928,-0.28,168388557.3
06/03/1928,-0.263,164333635.2
06/04/1928,-0.29,170143361.8
06/04/1928,-0.2444,172905525.2
06/05/1928,-0.3,181493024.3
06/05/1928,-0.1866,164285792.5
06/06/1928,-0.41,177233386
06/06/1928,-0.2777,189055880.7
06/07/1928,-0.21,179174666.1
06/07/1928,-0.1773,169928336.5
06/08/1928,-0.25,180893955.1
06/08/1928,-0.1997,189251367.1
06/09/1928,-0.2,184499121.2
06/09/1928,-0.1904,170818473.1
06/10/1928,-0.19,187079640.3
06/10/1928,-0.1256,165061907.6
06/11/1928,-0.09,179575535.5
06/11/1928,-0.0679,171525868.6
06/12/1928,-0.2,178336417.6
06/12/1928,-0.1713,170571849.6
06/01/1929,-0.47,151424450.9
06/01/1929,-0.484,175163225
06/02/1929,-0.61,161333483.3
06/02/1929,-0.5495,160361270.2
06/03/1929,-0.34,152764725.5
06/03/1929,-0.2654,172796899.6
06/04/1929,-0.4,164995990.4
06/04/1929,-0.2976,155076607.4
06/05/1929,-0.39,168583232.6
06/05/1929,-0.2886,157509667
06/06/1929,-0.43,149846028.2
06/06/1929,-0.2746,160040278.5
06/07/1929,-0.33,160958228.2
06/07/1929,-0.2735,155560045.6
06/08/1929,-0.29,174016000
06/08/1929,-0.2078,157038504.1
06/09/1929,-0.23,152285130.2
06/09/1929,-0.2089,149829711.3
06/10/1929,-0.15,175877597.9
06/10/1929,-0.1185,174301781
06/11/1929,-0.14,174462373.7
06/11/1929,-0.0971,173537422.8
06/12/1929,-0.55,176577967.4
06/12/1929,-0.5167,165058282.4
06/01/1930,-0.29,149752940.1
06/01/1930,-0.3206,145984809.9
06/02/1930,-0.24,141258696.5
06/02/1930,-0.2,140368418.6
06/03/1930,-0.08,155217745.8
06/03/1930,-0.0549,138472172.4
06/04/1930,-0.26,136933838
06/04/1930,-0.195,148770062.9
06/05/1930,-0.25,151094312.4
06/05/1930,-0.1976,147611917
06/06/1930,-0.19,149978997.8
06/06/1930,-0.1135,145437985.9
06/07/1930,-0.17,136181552.9
06/07/1930,-0.0692,154979436
06/08/1930,-0.11,151123402.3
06/08/1930,-0.09,147585751.2
06/09/1930,-0.11,133392617.3
06/09/1930,-0.1043,150830771.5
06/10/1930,-0.08,151031564
06/10/1930,-0.0011,135233169.4
06/11/1930,0.14,150998805.7
06/11/1930,0.1368,149633048.9
06/12/1930,-0.09,136788673.3
06/12/1930,0.0064,154321766.3
06/01/1931,-0.1,120875027.9
06/01/1931,-0.047,136821661
06/02/1931,-0.22,121354305.7
06/02/1931,-0.2225,124170910.5
06/03/1931,-0.06,135731286.1
06/03/1931,-0.0061,137862094.8
06/04/1931,-0.21,135530294.1
06/04/1931,-0.1625,122653345.8
06/05/1931,-0.22,128072508.2
06/05/1931,-0.1499,137971296.5
06/06/1931,-0.06,136314663
06/06/1931,-0.0185,135220502.5
06/07/1931,0.01,137793103.8
06/07/1931,-0.0155,136875749.6
06/08/1931,0,118779932.8
06/08/1931,0.0047,131460341.5
06/09/1931,-0.06,125357739.8
06/09/1931,0.0035,138688652.8
06/10/1931,0,125645455.1
06/10/1931,0.0092,137337446
06/11/1931,-0.12,129728106.6
06/11/1931,-0.1139,129688478.1
06/12/1931,-0.1,139218643.7
06/12/1931,-0.1052,134693593
06/01/1932,0.13,138284470
06/01/1932,0.1547,140947116.3
06/02/1932,-0.18,130002103.7
06/02/1932,-0.1794,128911430.3
06/03/1932,-0.2,142223220.3
06/03/1932,-0.1799,143911970.6
06/04/1932,-0.07,144132603.3
06/04/1932,-0.0324,148377408.7
06/05/1932,-0.22,150430318
06/05/1932,-0.1674,136228920.5
06/06/1932,-0.3,135970108.8
06/06/1932,-0.1578,150051229.3
06/07/1932,-0.24,130843910
06/07/1932,-0.1208,131142344.8
06/08/1932,-0.24,148064136.3
06/08/1932,-0.1757,134134125.9
06/09/1932,-0.11,129920947.9
06/09/1932,-0.0695,131053956.6
06/10/1932,-0.1,135486400.7
06/10/1932,-0.0926,132250441.9
06/11/1932,-0.26,143604362.1
06/11/1932,-0.1945,128273091.7
06/12/1932,-0.22,145299945.4
06/12/1932,-0.1861,145426971.9
06/01/1933,-0.34,149129665
06/01/1933,-0.3073,143762761.5
06/02/1933,-0.32,150888816.1
06/02/1933,-0.3167,157249017.8
06/03/1933,-0.29,151757928.8
06/03/1933,-0.2476,149639265.4
06/04/1933,-0.23,140924407.6
06/04/1933,-0.2044,140865253.2
06/05/1933,-0.25,156690615.9
06/05/1933,-0.2091,151616058.8
06/06/1933,-0.32,162820457
06/06/1933,-0.2007,152097885.2
06/07/1933,-0.2,159843540.4
06/07/1933,-0.181,141115554.5
06/08/1933,-0.23,149901422.6
06/08/1933,-0.1889,144087997.8
06/09/1933,-0.26,144070252.7
06/09/1933,-0.2214,156588373.4
06/10/1933,-0.24,150008384.7
06/10/1933,-0.1879,148961456.7
06/11/1933,-0.31,156389892.9
06/11/1933,-0.2548,161012217.3
06/12/1933,-0.47,143398917.2
06/12/1933,-0.4069,153495243.8
06/01/1934,-0.27,172061719
06/01/1934,-0.3102,150743810.5
06/02/1934,-0.04,172410470.7
06/02/1934,-0.0231,158061558.9
06/03/1934,-0.31,153303163.9
06/03/1934,-0.2574,158322717.1
06/04/1934,-0.27,169975165.6
06/04/1934,-0.2318,165515919.1
06/05/1934,-0.11,151331928.4
06/05/1934,-0.0444,146356023
06/06/1934,-0.14,151208434.2
06/06/1934,-0.0025,154361703
06/07/1934,-0.11,146238530
06/07/1934,-0.0894,166443267.6
06/08/1934,-0.1,149810219.5
06/08/1934,-0.0548,155632228.4
06/09/1934,-0.16,146012750.3
06/09/1934,-0.1226,158571620.1
06/10/1934,-0.11,163168790.1
06/10/1934,-0.0693,146062949.1
06/11/1934,-0.01,171548258.4
06/11/1934,0.0128,147547364.3
06/12/1934,-0.09,171705073.2
06/12/1934,-0.0256,168062872.9
06/01/1935,-0.37,158583247.5
06/01/1935,-0.2894,178006267.6
06/02/1935,0.11,177939890.8
06/02/1935,0.1659,166134201.9
06/03/1935,-0.13,178003565.1
06/03/1935,-0.1475,183328200.3
06/04/1935,-0.35,173784157.8
06/04/1935,-0.2567,177280326.5
06/05/1935,-0.26,173085502.1
06/05/1935,-0.2038,171118227.5
06/06/1935,-0.23,174252517.7
06/06/1935,-0.1706,186279070.4
06/07/1935,-0.19,165555084.2
06/07/1935,-0.1155,166486536.5
06/08/1935,-0.17,164109581.7
06/08/1935,-0.1003,165026268.2
06/09/1935,-0.17,182305180.4
06/09/1935,-0.0916,184488204.1
06/10/1935,-0.08,185710218.1
06/10/1935,-0.013,173806778.7
06/11/1935,-0.29,158750865.2
06/11/1935,-0.2707,173990189
06/12/1935,-0.22,172563711.9
06/12/1935,-0.1769,177966572.8
06/01/1936,-0.29,180020366.4
06/01/1936,-0.2547,200484590.3
06/02/1936,-0.39,182686070.6
06/02/1936,-0.3137,196066174
06/03/1936,-0.23,176548214.3
06/03/1936,-0.2107,198318709.4
06/04/1936,-0.2,191293684.6
06/04/1936,-0.1789,172117988.7
06/05/1936,-0.17,189523446.9
06/05/1936,-0.1178,174273940.2
06/06/1936,-0.19,174192132.9
06/06/1936,-0.1075,181723549.9
06/07/1936,-0.06,180263818.9
06/07/1936,-0.0139,201826286.9
06/08/1936,-0.12,189044914.7
06/08/1936,-0.0557,201001046.7
06/09/1936,-0.06,184368995.3
06/09/1936,-0.0389,175296611.6
06/10/1936,-0.04,182264518.7
06/10/1936,-0.0224,189309288.2
06/11/1936,-0.05,173714280.9
06/11/1936,-0.0275,189653632.1
06/12/1936,-0.04,199509694.8
06/12/1936,-0.0193,173152862.9
06/01/1937,-0.11,184051839.4
06/01/1937,-0.1684,176605471.6
06/02/1937,0.05,163636728.2
06/02/1937,0.0385,185062194.8
06/03/1937,-0.17,184593015.9
06/03/1937,-0.1823,167148099
06/04/1937,-0.17,181495716.5
06/04/1937,-0.1262,178017879.1
06/05/1937,-0.07,165019773.3
06/05/1937,-0.0187,187936315.7
06/06/1937,-0.08,169507863.9
06/06/1937,0.0126,168054391.9
06/07/1937,-0.05,164979290.8
06/07/1937,-0.0004,169425007.6
06/08/1937,0.03,165001149.2
06/08/1937,0.093,185287344.7
06/09/1937,0.14,181326715.3
06/09/1937,0.1316,171496737.4
06/10/1937,0.1,165268321.5
06/10/1937,0.1137,163248706
06/11/1937,0.09,176006159.8
06/11/1937,0.0099,162996412.7
06/12/1937,-0.12,190339104.2
06/12/1937,-0.0919,187041649.8
06/01/1938,0,186822094
06/01/1938,-0.0378,175990221.3
06/02/1938,-0.04,193478342.3
06/02/1938,-0.054,173729197.9
06/03/1938,0.05,169251586.3
06/03/1938,0.0308,190954229.9
06/04/1938,0.05,187339105
06/04/1938,0.0428,181786049.4
06/05/1938,-0.07,180479548.8
06/05/1938,-0.019,195551917.6
06/06/1938,-0.17,178814489.6
06/06/1938,-0.0939,174918126.7
06/07/1938,-0.09,198176169.9
06/07/1938,-0.0505,197847213.1
06/08/1938,-0.04,174815185
06/08/1938,-0.0149,185878681.9
06/09/1938,0.03,189596385
06/09/1938,0.0293,175142780.4
06/10/1938,0.11,181248122.7
06/10/1938,0.0724,174544528
06/11/1938,0.01,195125894.5
06/11/1938,0.0039,182959417.6
06/12/1938,-0.26,196703870.6
06/12/1938,-0.2541,194639360.5
06/01/1939,-0.13,195903936.7
06/01/1939,-0.1665,212293018.2
06/02/1939,-0.12,213584794.7
06/02/1939,-0.1137,205156454.6
06/03/1939,-0.2,204485648.1
06/03/1939,-0.1897,197600858.1
06/04/1939,-0.12,200874649.1
06/04/1939,-0.1319,200654460.8
06/05/1939,-0.07,195264272.5
06/05/1939,-0.0366,202560968.7
06/06/1939,-0.08,213330475.9
06/06/1939,-0.0077,212795136.4
06/07/1939,-0.06,190731723.1
06/07/1939,0.0061,187614124.7
06/08/1939,-0.05,205503209.3
06/08/1939,0.0555,208422408.9
06/09/1939,0,204111686.2
06/09/1939,0.0111,201361048.2
06/10/1939,-0.03,204024637.6
06/10/1939,-0.0427,199409801.9
06/11/1939,0.06,213389844.5
06/11/1939,0.044,190925148.8
06/12/1939,0.4,184529766.7
06/12/1939,0.4057,202556190.2
06/01/1940,-0.15,208699156.8
06/01/1940,-0.1226,220311021.4
06/02/1940,0.06,204462951.2
06/02/1940,0.0514,192943921
06/03/1940,0.12,193893851.9
06/03/1940,0.0671,199591853.1
06/04/1940,0.16,220220453.8
06/04/1940,0.1286,207702189.6
06/05/1940,0.05,202794563
06/05/1940,0.0556,194113292.4
06/06/1940,0.05,217686683.6
06/06/1940,0.1039,193155146.6
06/07/1940,0.1,202262041.8
06/07/1940,0.1459,217134670.1
06/08/1940,0.01,190240226.1
06/08/1940,0.0902,213653866
06/09/1940,0.12,209679432.6
06/09/1940,0.1483,214515789.1
06/10/1940,0.07,200497959.2
06/10/1940,0.0993,213041200.6
06/11/1940,0.13,205830252.1
06/11/1940,0.1004,192165400.5
06/12/1940,0.19,222657189.7
06/12/1940,0.2683,218223356.8
06/01/1941,0.13,192798720.2
06/01/1941,0.1802,223559818
06/02/1941,0.23,202692822.9
06/02/1941,0.227,222229886.8
06/03/1941,0.06,190874415.3
06/03/1941,0.1023,204270194.6
06/04/1941,0.11,199447407.9
06/04/1941,0.2229,201934390.4
06/05/1941,0.1,206478509.6
06/05/1941,0.2446,191452232.5
06/06/1941,0.04,218212132.4
06/06/1941,0.1614,195125347.1
06/07/1941,0.15,201044785.3
06/07/1941,0.2069,213642215.4
06/08/1941,0.14,215057960.9
06/08/1941,0.1736,197878215.5
06/09/1941,0.02,221196347.2
06/09/1941,0.0881,198595900.2
06/10/1941,0.24,192080889.2
06/10/1941,0.313,221971371.6
06/11/1941,0.12,220817614.6
06/11/1941,0.2212,195760404
06/12/1941,0.14,198176776.7
06/12/1941,0.2108,210360739.7
06/01/1942,0.26,217204487.8
06/01/1942,0.2983,216337947.7
06/02/1942,0.05,218152738.8
06/02/1942,0.0971,209307558
06/03/1942,0.13,205907469.5
06/03/1942,0.1771,225987472.8
06/04/1942,0.14,205858056.3
06/04/1942,0.19,220842240.3
06/05/1942,0.14,203059416.4
06/05/1942,0.1665,203939475.9
06/06/1942,0.11,206692292.5
06/06/1942,0.2098,215436687.1
06/07/1942,0.02,198691827.1
06/07/1942,0.0768,192992742.1
06/08/1942,-0.03,211096964.2
06/08/1942,0.044,203542675.4
06/09/1942,0,204099578
06/09/1942,0.1179,209970556.7
06/10/1942,0.06,198406388.9
06/10/1942,0.1495,204390696.8
06/11/1942,0.13,209297251.7
06/11/1942,0.167,199107724.6
06/12/1942,0.12,223172709.4
06/12/1942,0.1515,215369838
06/01/1943,-0.01,230920297.9
06/01/1943,-0.0241,227316155.9
06/02/1943,0.22,229173332.6
06/02/1943,0.1683,205421497.2
06/03/1943,0.01,213932234.7
06/03/1943,0.0762,216874450.1
06/04/1943,0.13,203458292.3
06/04/1943,0.1726,220995172.1
06/05/1943,0.1,214226763.1
06/05/1943,0.1326,197526506.3
06/06/1943,-0.01,197589818
06/06/1943,0.0245,219436385.7
06/07/1943,0.14,197182796.3
06/07/1943,0.183,214685355.2
06/08/1943,0.03,213794887.5
06/08/1943,0.0992,200830341.1
06/09/1943,0.11,216510688.3
06/09/1943,0.1425,197688884.4
06/10/1943,0.3,219141616.7
06/10/1943,0.3095,215673749.4
06/11/1943,0.25,206860098.4
06/11/1943,0.2459,228687909.1
06/12/1943,0.28,196536673.2
06/12/1943,0.3539,216575920.6
06/01/1944,0.41,173630809.7
06/01/1944,0.4241,177327490.3
06/02/1944,0.31,189833886.2
06/02/1944,0.3032,179115223.6
06/03/1944,0.34,172145184.6
06/03/1944,0.3676,177399451.2
06/04/1944,0.27,190641225.2
06/04/1944,0.2718,164636093.7
06/05/1944,0.26,179528212.3
06/05/1944,0.2618,171403308.7
06/06/1944,0.22,184391189.1
06/06/1944,0.3348,166073488.2
06/07/1944,0.23,179241533.4
06/07/1944,0.3145,175959948.9
06/08/1944,0.23,181827406.5
06/08/1944,0.2804,187901890.1
06/09/1944,0.31,175139200.7
06/09/1944,0.3855,182056529.4
06/10/1944,0.27,167341753.6
06/10/1944,0.323,165504603.9
06/11/1944,0.12,178767023.3
06/11/1944,0.1518,171842927
06/12/1944,0.05,183197725.2
06/12/1944,0.0951,165922785.3
06/01/1945,0.13,194643249.1
06/01/1945,0.1535,193905294.1
06/02/1945,0.02,194881612.1
06/02/1945,0.0149,201902520.7
06/03/1945,0.11,207253881.5
06/03/1945,0.1072,195433013.8
06/04/1945,0.24,191410225.2
06/04/1945,0.2764,201678277
06/05/1945,0.1,178996194.3
06/05/1945,0.1761,179630647.7
06/06/1945,0.02,197101221.7
06/06/1945,0.1413,204065789.9
06/07/1945,0.07,191845240.2
06/07/1945,0.1652,183557481.4
06/08/1945,0.25,200237486
06/08/1945,0.3546,180763136.1
06/09/1945,0.22,189135144.1
06/09/1945,0.2578,185486376.2
06/10/1945,0.22,178088622.8
06/10/1945,0.2569,189837420.1
06/11/1945,0.1,201907566.6
06/11/1945,0.1955,207485879.8
06/12/1945,-0.1,182462986.3
06/12/1945,-0.0475,197963752.1
06/01/1946,0.15,212930844.2
06/01/1946,0.2209,209519965.1
06/02/1946,0.06,229298059.2
06/02/1946,0.0888,211365416
06/03/1946,0,202095151.6
06/03/1946,0.0005,225323363.3
06/04/1946,0.11,228268215.5
06/04/1946,0.1768,201422661.9
06/05/1946,-0.04,223242316.4
06/05/1946,-0.0298,209482679.7
06/06/1946,-0.17,221925964.1
06/06/1946,-0.1016,209501328.4
06/07/1946,-0.09,203483343.3
06/07/1946,-0.0367,220981442.4
06/08/1946,-0.08,227866253.4
06/08/1946,-0.0697,210504584.4
06/09/1946,-0.02,201934148
06/09/1946,-0.0164,204895327.3
06/10/1946,-0.06,200039848.8
06/10/1946,-0.0057,201862500.2
06/11/1946,-0.02,211180230.1
06/11/1946,-0.0119,203365632
06/12/1946,-0.29,231914055.5
06/12/1946,-0.2636,223490878.1
06/01/1947,-0.13,222248101.8
06/01/1947,-0.1816,214321683.2
06/02/1947,-0.08,230778631.6
06/02/1947,-0.0774,242857208.5
06/03/1947,0.05,223172751.3
06/03/1947,-0.0079,225869345.4
06/04/1947,0.04,209675221.1
06/04/1947,0.0143,209651204.1
06/05/1947,-0.06,216026628
06/05/1947,-0.019,212347341.2
06/06/1947,0,236774691.2
06/06/1947,0.0208,221123133.2
06/07/1947,-0.06,208307188.7
06/07/1947,-0.0138,219204195.6
06/08/1947,-0.08,229446320.9
06/08/1947,-0.0623,229006705.1
06/09/1947,-0.14,227691063.9
06/09/1947,-0.1306,235327155
06/10/1947,0.06,211250779.8
06/10/1947,0.0549,235085105.2
06/11/1947,-0.01,227247603.4
06/11/1947,-0.0238,233033271.3
06/12/1947,-0.18,235068297.6
06/12/1947,-0.1463,240989808.9
06/01/1948,0.05,206987514.6
06/01/1948,0.0535,211799053
06/02/1948,-0.13,225747978.8
06/02/1948,-0.0906,232529646.1
06/03/1948,-0.23,230277207.1
06/03/1948,-0.1841,229855935.6
06/04/1948,-0.09,226747210.5
06/04/1948,-0.0646,233161047
06/05/1948,0.08,219591697.4
06/05/1948,0.1427,209765962.5
06/06/1948,-0.05,224311546.8
06/06/1948,-0.015,202431129.7
06/07/1948,-0.13,222544986.5
06/07/1948,-0.0622,231126745.4
06/08/1948,-0.1,218577566.8
06/08/1948,-0.0282,204119117.6
06/09/1948,-0.1,205703905.7
06/09/1948,-0.1032,219792637.7
06/10/1948,-0.07,228226074.8
06/10/1948,-0.065,214528936.9
06/11/1948,-0.08,226454009.6
06/11/1948,-0.056,206067850.7
06/12/1948,-0.23,202435805.8
06/12/1948,-0.1121,206492835.3
06/01/1949,0.09,247070332.8
06/01/1949,0.1209,231462292.4
06/02/1949,-0.16,267810776.4
06/02/1949,-0.1476,240563964.4
06/03/1949,-0.01,255499040.3
06/03/1949,-0.0732,236532990
06/04/1949,-0.07,258645580.5
06/04/1949,0.0076,247844372.8
06/05/1949,-0.09,259918607.5
06/05/1949,-0.0063,234020739.9
06/06/1949,-0.22,259121676.9
06/06/1949,-0.1486,263262385
06/07/1949,-0.13,270195328.5
06/07/1949,-0.077,263329693
06/08/1949,-0.08,248664805.8
06/08/1949,-0.0217,240001095.4
06/09/1949,-0.08,243935920.1
06/09/1949,-0.0701,270477259.5
06/10/1949,-0.03,239240374.1
06/10/1949,-0.0297,230612968.2
06/11/1949,-0.08,248663470.5
06/11/1949,-0.0534,237326946.2
06/12/1949,-0.19,267923300.3
06/12/1949,-0.1821,236226562.5
06/01/1950,-0.3,269672691.2
06/01/1950,-0.2777,251299882.3
06/02/1950,-0.26,259215170.1
06/02/1950,-0.2389,247467610.1
06/03/1950,-0.06,267666954.1
06/03/1950,-0.0868,280897969
06/04/1950,-0.21,252227181.2
06/04/1950,-0.1706,280394516.8
06/05/1950,-0.12,273058895.7
06/05/1950,-0.0536,284120138.7
06/06/1950,-0.06,291766269.8
06/06/1950,-0.0559,267284118.6
06/07/1950,-0.09,257772093.7
06/07/1950,-0.1053,286018285.5
06/08/1950,-0.18,252554475.2
06/08/1950,-0.1382,267385652.8
06/09/1950,-0.1,260766648.8
06/09/1950,-0.1049,283568278.9
06/10/1950,-0.2,250156174.9
06/10/1950,-0.1661,263328492.1
06/11/1950,-0.35,254120400.8
06/11/1950,-0.3605,266499663.6
06/12/1950,-0.2,250145433.8
06/12/1950,-0.181,256397979.1
06/01/1951,-0.35,253239855.3
06/01/1951,-0.2903,281310888.7
06/02/1951,-0.44,254337991.5
06/02/1951,-0.4101,259208009.8
06/03/1951,-0.19,273620199.4
06/03/1951,-0.1689,287239114.8
06/04/1951,-0.1,259927077.6
06/04/1951,-0.0877,284351855.7
06/05/1951,-0.02,266152752
06/05/1951,0.0569,275504056.6
06/06/1951,-0.05,263213252.7
06/06/1951,0.0381,260543225.1
06/07/1951,0,249636753.1
06/07/1951,0.1101,282604451.5
06/08/1951,0.05,274023087.5
06/08/1951,0.113,280881944.8
06/09/1951,0.07,266885051.6
06/09/1951,0.1322,256507792.7
06/10/1951,0.06,269634501.4
06/10/1951,0.1081,256976201.5
06/11/1951,0,289337106.7
06/11/1951,0.026,261459642.8
06/12/1951,0.15,266440425.6
06/12/1951,0.2148,287127849.3
06/01/1952,0.16,262512044.5
06/01/1952,0.152,270319666.3
06/02/1952,0.12,281359841.1
06/02/1952,0.0921,277606217.6
06/03/1952,-0.1,268947882.4
06/03/1952,-0.048,284159159.3
06/04/1952,0.02,276787390.5
06/04/1952,0.0666,270144884.8
06/05/1952,-0.05,263564668.7
06/05/1952,0.034,270920747.5
06/06/1952,-0.04,264171402.2
06/06/1952,0.0396,294339730.2
06/07/1952,0.05,278155059.4
06/07/1952,0.0735,289319906.9
06/08/1952,0.07,265667585.6
06/08/1952,0.0647,284279133.6
06/09/1952,0.08,259226010.3
06/09/1952,0.0653,273675753.6
06/10/1952,-0.04,282247324.7
06/10/1952,-0.0366,277872374.8
06/11/1952,-0.17,274009770.1
06/11/1952,-0.1975,294880540.2
06/12/1952,-0.02,278666300
06/12/1952,-0.008,298951596.7
06/01/1953,0.09,269322379.1
06/01/1953,0.1037,278485924.4
06/02/1953,0.16,279146010.4
06/02/1953,0.1534,301421540.3
06/03/1953,0.11,300843918
06/03/1953,0.1539,299115714.1
06/04/1953,0.2,270977273.9
06/04/1953,0.1873,289447196.7
06/05/1953,0.08,280232138.2
06/05/1953,0.144,262292362.5
06/06/1953,0.08,270550953.5
06/06/1953,0.124,292832295.9
06/07/1953,0.02,262186469.3
06/07/1953,0.0662,299879091.7
06/08/1953,0.08,271219867.3
06/08/1953,0.0812,279392549.1
06/09/1953,0.06,280266944.7
06/09/1953,0.0632,304723699.5
06/10/1953,0.05,287464073.1
06/10/1953,0.0723,278064878.5
06/11/1953,-0.05,283074309.5
06/11/1953,-0.0621,279541200.7
06/12/1953,0.03,263029353
06/12/1953,0.0555,301433819.6
06/01/1954,-0.28,291798255.4
06/01/1954,-0.2352,322337407.5
06/02/1954,-0.1,301701079.8
06/02/1954,-0.0865,308518847.4
06/03/1954,-0.12,308556064
06/03/1954,-0.091,300886063.1
06/04/1954,-0.18,312034475.5
06/04/1954,-0.1766,285996457
06/05/1954,-0.2,300159659.2
06/05/1954,-0.202,304211738.3
06/06/1954,-0.16,324347425.6
06/06/1954,-0.1161,333355414.3
06/07/1954,-0.16,296733206.3
06/07/1954,-0.1229,325989950.5
06/08/1954,-0.13,329759581.7
06/08/1954,-0.0913,328860342.6
06/09/1954,-0.07,304393895.4
06/09/1954,-0.0595,300443411
06/10/1954,-0.01,322727022.7
06/10/1954,-0.0694,289828306.1
06/11/1954,0.08,329253968.8
06/11/1954,0.039,317813042.2
06/12/1954,-0.18,312568949.8
06/12/1954,-0.1859,284763621
06/01/1955,0.11,322146635.5
06/01/1955,0.0879,303938820.7
06/02/1955,-0.21,329268923.2
06/02/1955,-0.1303,304226593.3
06/03/1955,-0.36,344663693
06/03/1955,-0.3091,353757733.7
06/04/1955,-0.23,314309211.2
06/04/1955,-0.2383,345207249.5
06/05/1955,-0.2,326071150.3
06/05/1955,-0.1274,327398921.1
06/06/1955,-0.08,338826658.4
06/06/1955,-0.0695,325322512.8
06/07/1955,-0.09,348645873.3
06/07/1955,-0.0881,318695019.8
06/08/1955,0.04,340228899.8
06/08/1955,-0.0262,338197387
06/09/1955,-0.13,321848801.8
06/09/1955,-0.0923,314623235.3
06/10/1955,-0.05,316814343.5
06/10/1955,-0.1232,338190479.5
06/11/1955,-0.28,318088597.8
06/11/1955,-0.2373,345906222.4
06/12/1955,-0.32,353213264.9
06/12/1955,-0.2706,328320190.1
06/01/1956,-0.17,318658717.9
06/01/1956,-0.1773,321358453.3
06/02/1956,-0.25,357186897.6
06/02/1956,-0.2732,353647256.4
06/03/1956,-0.23,351028325.2
06/03/1956,-0.2003,363788334.9
06/04/1956,-0.26,363141989.6
06/04/1956,-0.2846,340354893.3
06/05/1956,-0.28,329539766.1
06/05/1956,-0.2275,330258872.2
06/06/1956,-0.15,327414754.8
06/06/1956,-0.1437,353915186.8
06/07/1956,-0.12,372490972
06/07/1956,-0.1346,354974358.1
06/08/1956,-0.25,331398099.7
06/08/1956,-0.1866,344884412
06/09/1956,-0.22,324895351.2
06/09/1956,-0.252,320553818.2
06/10/1956,-0.24,328215809
06/10/1956,-0.1989,343262083.5
06/11/1956,-0.17,321004947.8
06/11/1956,-0.1564,347329793.9
06/12/1956,-0.1,339660962.4
06/12/1956,-0.153,340375570
06/01/1957,-0.14,329603284.8
06/01/1957,-0.1178,370427149.7
06/02/1957,-0.05,364627114.1
06/02/1957,-0.1118,354524424
06/03/1957,-0.05,333052254.1
06/03/1957,-0.068,344710059.9
06/04/1957,-0.04,348940896.4
06/04/1957,-0.0193,367827329.7
06/05/1957,0.08,340135242.2
06/05/1957,0.1092,342306779.6
06/06/1957,0.16,348040455.8
06/06/1957,0.1577,358566976.9
06/07/1957,0.01,347384439.1
06/07/1957,0.0596,360558759.9
06/08/1957,0.14,371767732.3
06/08/1957,0.1302,341999690.6
06/09/1957,0.06,363820653.8
06/09/1957,0.0748,371715095.2
06/10/1957,0.01,341856251.6
06/10/1957,0.0143,368907981.8
06/11/1957,0.07,354743466.1
06/11/1957,0.1282,330089220.8
06/12/1957,0.16,326263957.8
06/12/1957,0.229,330243885.9
06/01/1958,0.39,390604555.6
06/01/1958,0.2964,335237403.7
06/02/1958,0.24,378059119.8
06/02/1958,0.2103,368896302.8
06/03/1958,0.1,374027814.3
06/03/1958,0.1181,377611022.9
06/04/1958,0.01,393580396.5
06/04/1958,0.114,380585540.5
06/05/1958,0.08,380211134.9
06/05/1958,0.1007,392893603.4
06/06/1958,-0.05,391532439
06/06/1958,0.0624,343760079.6
06/07/1958,0.06,360280092.3
06/07/1958,0.0649,334760400.4
06/08/1958,-0.06,383490956.4
06/08/1958,0.0528,374175328.7
06/09/1958,-0.03,361022067.6
06/09/1958,0.0186,348650903.9
06/10/1958,0.04,360771737.7
06/10/1958,0.0405,371580462.2
06/11/1958,0.02,357140437.5
06/11/1958,0.0896,390455708
06/12/1958,0.01,347904151.4
06/12/1958,0.1452,351276999
06/01/1959,0.06,387683254.4
06/01/1959,0.125,397063554.8
06/02/1959,0.09,369852792.6
06/02/1959,0.0682,394254001.3
06/03/1959,0.19,416157696.1
06/03/1959,0.2041,373078475
06/04/1959,0.16,397319541.9
06/04/1959,0.118,373027267.8
06/05/1959,0.06,414416529.4
06/05/1959,0.0263,353063173.4
06/06/1959,0.02,412790809.3
06/06/1959,0.0849,353211248.7
06/07/1959,0.06,400747277.6
06/07/1959,0.0671,402064182.5
06/08/1959,-0.01,379426919.7
06/08/1959,0.0516,365143910.6
06/09/1959,-0.06,407662236.1
06/09/1959,0.097,394062276.1
06/10/1959,-0.09,388396110.9
06/10/1959,-0.0137,398249597.5
06/11/1959,-0.09,389257800
06/11/1959,-0.079,363469425.7
06/12/1959,-0.03,397674387.2
06/12/1959,-0.0343,406821766.6
06/01/1960,-0.01,371771565.1
06/01/1960,0.0032,376712815.6
06/02/1960,0.14,410832568.7
06/02/1960,0.1858,386707360.6
06/03/1960,-0.36,417005479.5
06/03/1960,-0.2041,411978731
06/04/1960,-0.16,415067749.8
06/04/1960,-0.0954,384013314.4
06/05/1960,-0.08,369500323
06/05/1960,-0.0841,416075046.2
06/06/1960,0.01,358930475.4
06/06/1960,0.0772,409740022
06/07/1960,-0.02,404375221.8
06/07/1960,0.0339,369292023.2
06/08/1960,-0.01,380391177.7
06/08/1960,0.0461,365057537.4
06/09/1960,0.05,407216726.7
06/09/1960,0.0638,392751447.9
06/10/1960,0.07,389601046.9
06/10/1960,0.039,396528498.8
06/11/1960,-0.11,387865838.2
06/11/1960,-0.0484,400779905.2
06/12/1960,0.18,373583188
06/12/1960,0.2278,360225145.6
06/01/1961,0.07,421632395.9
06/01/1961,0.1188,434154614.7
06/02/1961,0.18,400470860.2
06/02/1961,0.1768,411800790.6
06/03/1961,0.09,405123571.1
06/03/1961,0.1646,398971021.2
06/04/1961,0.15,431466938.8
06/04/1961,0.1335,375870317
06/05/1961,0.13,398769064.8
06/05/1961,0.1614,403082482.5
06/06/1961,0.12,381910060
06/06/1961,0.1479,388193290.5
06/07/1961,-0.03,413320905.5
06/07/1961,0.035,413686727.1
06/08/1961,0.02,398964257.9
06/08/1961,0.032,384270455.1
06/09/1961,0.05,421732385.9
06/09/1961,-0.0041,413321826.9
06/10/1961,0,386699531.1
06/10/1961,-0.035,369218210.9
06/11/1961,0.03,384861335.5
06/11/1961,0.016,417459863
06/12/1961,-0.15,422353400.7
06/12/1961,-0.0171,410174829.1
06/01/1962,0.08,445529162
06/01/1962,0.1345,450484347.7
06/02/1962,0.14,418796225.1
06/02/1962,0.1698,442892436.4
06/03/1962,0.12,439250256.7
06/03/1962,0.1197,394154802.4
06/04/1962,0.05,456962106.9
06/04/1962,0.0763,439000965.3
06/05/1962,-0.06,390566761.8
06/05/1962,0.0589,404421853.5
06/06/1962,0.06,439030642.2
06/06/1962,0.0574,419953170.7
06/07/1962,-0.02,425857535.3
06/07/1962,0.0905,422580601.3
06/08/1962,-0.02,459990415.6
06/08/1962,0.0552,396536784.2
06/09/1962,-0.01,401397369.3
06/09/1962,0.0606,448308013.1
06/10/1962,-0.03,399156370.5
06/10/1962,0.0796,454853600.4
06/11/1962,0.06,393705882.7
06/11/1962,0.0745,437541554.1
06/12/1962,-0.01,399564927.1
06/12/1962,0.0881,455495055.6
06/01/1963,-0.03,459875428.4
06/01/1963,0.0376,445602236.1
06/02/1963,0.19,474032614.3
06/02/1963,0.2566,421867925.1
06/03/1963,-0.13,469244418.3
06/03/1963,-0.0216,414707455.8
06/04/1963,-0.05,470777489.3
06/04/1963,-0.0041,478454770.7
06/05/1963,-0.09,471805932.9
06/05/1963,0.013,427929737.5
06/06/1963,0.03,430298155.1
06/06/1963,0.0499,440124726.8
06/07/1963,0.08,474717450.1
06/07/1963,0.1382,425583760.9
06/08/1963,0.25,440673141.8
06/08/1963,0.1579,461094128.2
06/09/1963,0.2,479866273.9
06/09/1963,0.1629,419704917.9
06/10/1963,0.15,441300204.7
06/10/1963,0.2148,469366189.8
06/11/1963,0.15,428550971.5
06/11/1963,0.1947,446553540.1
06/12/1963,0,466793096.2
06/12/1963,0.0812,410684434.5
06/01/1964,-0.06,445901565.4
06/01/1964,0.0488,470838575.7
06/02/1964,-0.12,447302910.6
06/02/1964,-0.1048,488445760.5
06/03/1964,-0.22,502134215.6
06/03/1964,-0.1421,472634567.5
06/04/1964,-0.3,475843924.1
06/04/1964,-0.1847,452163884
06/05/1964,-0.25,473584533.3
06/05/1964,-0.098,507341413
06/06/1964,-0.07,477879408.5
06/06/1964,-0.0931,455213051.5
06/07/1964,-0.07,439055167
06/07/1964,-0.1111,457155989.1
06/08/1964,-0.2,443809298.5
06/08/1964,-0.1669,443375881.1
06/09/1964,-0.28,505363431.6
06/09/1964,-0.2093,487245150.1
06/10/1964,-0.3,477911557.6
06/10/1964,-0.2665,450387537.6
06/11/1964,-0.21,492614988.1
06/11/1964,-0.2017,444488419.2
06/12/1964,-0.3,492685643.2
06/12/1964,-0.2651,465912507.1
06/01/1965,-0.09,513292599.5
06/01/1965,-0.0699,525045017.4
06/02/1965,-0.17,505884668
06/02/1965,-0.1966,473993689.4
06/03/1965,-0.11,465709785.3
06/03/1965,-0.1005,462063301.3
06/04/1965,-0.2,498916306.1
06/04/1965,-0.1875,524374307.1
06/05/1965,-0.14,482262639.4
06/05/1965,-0.0787,452587287.8
06/06/1965,-0.08,458778258.9
06/06/1965,-0.0434,459792877.2
06/07/1965,-0.12,516190924.9
06/07/1965,-0.0841,523088900.9
06/08/1965,-0.01,450370832.3
06/08/1965,-0.0464,484568235.9
06/09/1965,-0.15,505493243.4
06/09/1965,-0.0503,522218877.6
06/10/1965,-0.04,463134725.1
06/10/1965,0.0238,507828550.5
06/11/1965,-0.06,499120900.7
06/11/1965,-0.09,514242815.4
06/12/1965,-0.05,525097947.4
06/12/1965,-0.0124,459781198.7
06/01/1966,-0.16,474289989.6
06/01/1966,-0.0458,543462049.6
06/02/1966,0,540889016.5
06/02/1966,-0.0373,532990216.6
06/03/1966,0.04,465679307
06/03/1966,-0.0025,531360779.8
06/04/1966,-0.13,527853621
06/04/1966,-0.0908,512584260.7
06/05/1966,-0.1,472545388.6
06/05/1966,-0.0359,476245880.4
06/06/1966,0.02,464997274.4
06/06/1966,0.0577,530389065.3
06/07/1966,0.09,544835724.2
06/07/1966,0.0667,465705123.2
06/08/1966,-0.1,485858843.4
06/08/1966,0.0191,508782904.3
06/09/1966,-0.01,489600294.2
06/09/1966,0.0261,527097150.7
06/10/1966,-0.15,527647564.1
06/10/1966,-0.0592,541492414.6
06/11/1966,-0.02,535847031.7
06/11/1966,-0.0465,481827848.5
06/12/1966,-0.06,498547353.2
06/12/1966,-0.1244,490967458.3
06/01/1967,-0.06,534044373.2
06/01/1967,-0.1068,578437852.4
06/02/1967,-0.2,567787548.9
06/02/1967,-0.1656,579587873.1
06/03/1967,0.03,564932740.3
06/03/1967,0.0029,494546486.1
06/04/1967,-0.05,516569646.8
06/04/1967,0.0056,496526278
06/05/1967,0.14,528587561
06/05/1967,0.1243,570417306.8
06/06/1967,-0.08,529108255.7
06/06/1967,-0.0299,521959620.2
06/07/1967,0.01,541076634.6
06/07/1967,-0.0177,524138435.5
06/08/1967,0.02,546577587.3
06/08/1967,-0.0055,522813475.9
06/09/1967,-0.04,547775958.4
06/09/1967,-0.0317,525008497.4
06/10/1967,0.06,537713370.5
06/10/1967,0.1288,501463330.5
06/11/1967,-0.06,528777555.8
06/11/1967,-0.0212,529864620
06/12/1967,-0.02,492355097.3
06/12/1967,-0.04,555925734.3
06/01/1968,-0.23,587214956.3
06/01/1968,-0.1865,588344448.7
06/02/1968,-0.15,589717625.1
06/02/1968,-0.1266,552430000.7
06/03/1968,0.21,530188615
06/03/1968,0.1508,608746372.4
06/04/1968,-0.05,529954153.3
06/04/1968,-0.0703,590895352.3
06/05/1968,-0.1,591486229.9
06/05/1968,-0.0803,551610315.4
06/06/1968,-0.06,533023639.7
06/06/1968,-0.0161,592424482.5
06/07/1968,-0.11,569129254.3
06/07/1968,-0.0197,604920224.2
06/08/1968,-0.11,560780831
06/08/1968,-0.0143,602998554.5
06/09/1968,-0.18,541588780.9
06/09/1968,-0.0112,615229319.9
06/10/1968,0.12,583086379.3
06/10/1968,0.0471,547543665.7
06/11/1968,-0.04,546297941.8
06/11/1968,0.0156,568130334.3
06/12/1968,-0.14,565975682.5
06/12/1968,-0.0431,540124930.4
06/01/1969,-0.11,564556801.9
06/01/1969,-0.1295,649942565.4
06/02/1969,-0.14,636950323.7
06/02/1969,-0.1038,620767951.6
06/03/1969,0,625763077.7
06/03/1969,0.1222,603316594.9
06/04/1969,0.19,597842394.7
06/04/1969,0.1935,617976386.8
06/05/1969,0.2,628099381.7
06/05/1969,0.1756,612454302
06/06/1969,0.05,641809807.9
06/06/1969,0.0766,647664133.5
06/07/1969,-0.01,607510147.1
06/07/1969,0.0933,621008351.6
06/08/1969,0.03,612082334.9
06/08/1969,0.0954,655778127
06/09/1969,0.1,647769705.3
06/09/1969,0.0843,654131730.2
06/10/1969,0.11,574450750.4
06/10/1969,0.0713,606647199.4
06/11/1969,0.12,631692069.4
06/11/1969,0.1896,597414098.9
06/12/1969,0.27,605464210.4
06/12/1969,0.2468,565770113.4
06/01/1970,0.09,596191509.1
06/01/1970,0.1214,696035612.4
06/02/1970,0.22,599058818.9
06/02/1970,0.2353,631689850.1
06/03/1970,0.08,658047506.8
06/03/1970,0.0317,624557249.5
06/04/1970,0.09,687151885.6
06/04/1970,0.131,623987974.6
06/05/1970,-0.05,643282130.5
06/05/1970,0.0414,643333860.5
06/06/1970,-0.03,646684000.9
06/06/1970,0.0295,600874197.3
06/07/1970,-0.04,668969666.4
06/07/1970,-0.0218,601124322.1
06/08/1970,-0.11,656268650.6
06/08/1970,-0.0198,666169639.2
06/09/1970,0.11,631941581.3
06/09/1970,0.0077,638301690.7
06/10/1970,0.05,602178872.7
06/10/1970,-0.0367,634556655.8
06/11/1970,0.01,666513192.2
06/11/1970,0.0226,696011025.4
06/12/1970,-0.13,662730031
06/12/1970,-0.0954,650171346.3
06/01/1971,-0.02,648322341.4
06/01/1971,-0.0045,691455176.1
06/02/1971,-0.2,629765776
06/02/1971,-0.2144,725322793.9
06/03/1971,-0.18,676023959.9
06/03/1971,-0.1412,717533560.2
06/04/1971,-0.09,677037153.2
06/04/1971,-0.1299,637154381.3
06/05/1971,-0.06,662949328.7
06/05/1971,-0.0899,665120305.6
06/06/1971,-0.18,669243948.3
06/06/1971,-0.1243,641812992.7
06/07/1971,-0.12,672852118.2
06/07/1971,-0.063,678303190.1
06/08/1971,-0.03,682992716.2
06/08/1971,-0.0688,636031882.1
06/09/1971,-0.01,655837584.9
06/09/1971,-0.0443,679007569.4
06/10/1971,-0.05,660008550.6
06/10/1971,-0.0763,688180292.2
06/11/1971,-0.04,706302201.3
06/11/1971,0.0363,668386427.1
06/12/1971,-0.08,717772740.5
06/12/1971,-0.0198,655188189.8
06/01/1972,-0.24,666165855
06/01/1972,-0.2415,697057072.4
06/02/1972,-0.17,766398521.8
06/02/1972,-0.1624,731709080.7
06/03/1972,0.02,729272645.1
06/03/1972,0.0014,725242599.3
06/04/1972,-0.01,651109844.4
06/04/1972,0.0357,737584257.3
06/05/1972,-0.03,670210296.9
06/05/1972,0.0147,685982219.2
06/06/1972,0.04,682106702.1
06/06/1972,0.0765,685916039.5
06/07/1972,0.02,745557060.9
06/07/1972,0.0639,707449287.1
06/08/1972,0.18,700431057.4
06/08/1972,0.0863,680559935.7
06/09/1972,0.03,748551440.1
06/09/1972,0.0207,721466866.8
06/10/1972,0.09,691546515.4
06/10/1972,0.0891,760205642.7
06/11/1972,0.03,745056939.2
06/11/1972,0.0799,727739662.7
06/12/1972,0.18,652997445.5
06/12/1972,0.2529,690396052.7
06/01/1973,0.28,748939260.5
06/01/1973,0.259,660639515.9
06/02/1973,0.3,756099343.5
06/02/1973,0.3722,699794376.3
06/03/1973,0.26,714156120.6
06/03/1973,0.3305,704421649.2
06/04/1973,0.25,680627545.4
06/04/1973,0.2502,740894090
06/05/1973,0.26,756825495.8
06/05/1973,0.2152,732990215.8
06/06/1973,0.16,710777616.7
06/06/1973,0.1972,728944987.4
06/07/1973,0.09,661890335.7
06/07/1973,0.1163,722683456.1
06/08/1973,0.02,649400347.6
06/08/1973,0.0774,663343789.8
06/09/1973,0.06,693366766.3
06/09/1973,0.0563,722149928.9
06/10/1973,0.12,761056684.1
06/10/1973,0.0446,689733930.1
06/11/1973,0.06,659617642.3
06/11/1973,0.022,669116369.4
06/12/1973,-0.06,708836140.9
06/12/1973,0.0277,689565921.6
06/01/1974,-0.14,736823854
06/01/1974,-0.1953,740042484.8
06/02/1974,-0.28,716842874.6
06/02/1974,-0.2548,647005671.1
06/03/1974,-0.05,677888885
06/03/1974,-0.0509,707682536.9
06/04/1974,-0.1,660384511.4
06/04/1974,-0.042,702438704
06/05/1974,-0.01,675775431.5
06/05/1974,-0.0246,743896187.9
06/06/1974,-0.05,739883221.2
06/06/1974,-0.0375,661052030
06/07/1974,-0.03,746197263.4
06/07/1974,0.0195,692676993.9
06/08/1974,0.12,749328840.9
06/08/1974,0.0131,648103799.6
06/09/1974,-0.12,737943942.3
06/09/1974,-0.0428,754294349.7
06/10/1974,-0.07,715198603.1
06/10/1974,-0.0831,681974485.2
06/11/1974,-0.07,745211791.9
06/11/1974,-0.0671,673844820.8
06/12/1974,-0.09,672138270.9
06/12/1974,-0.0976,676342985.6
06/01/1975,0.07,752918697.3
06/01/1975,0.1201,706282137.4
06/02/1975,0.07,780437246
06/02/1975,0.0326,694536251.5
06/03/1975,0.14,751871406.7
06/03/1975,0.1096,760170986.7
06/04/1975,0.06,676132131.4
06/04/1975,0.0779,722973765.4
06/05/1975,0.16,770000746.3
06/05/1975,0.0693,717883081.9
06/06/1975,-0.02,738929855.8
06/06/1975,0.0342,785513010.8
06/07/1975,-0.03,769834668.4
06/07/1975,0.0055,765301950.6
06/08/1975,-0.2,686076790.8
06/08/1975,-0.0671,779465874
06/09/1975,-0.03,671654627.2
06/09/1975,0.017,789558796.7
06/10/1975,-0.09,783930733.9
06/10/1975,-0.1236,752547870.7
06/11/1975,-0.16,696221036.2
06/11/1975,-0.145,702247668.7
06/12/1975,-0.17,770580384.4
06/12/1975,-0.0895,774690530.9
06/01/1976,0,751758561.9
06/01/1976,-0.0181,812958907
06/02/1976,-0.06,702142094
06/02/1976,-0.1221,766546755.6
06/03/1976,-0.21,806196297.5
06/03/1976,-0.2394,798619536.9
06/04/1976,-0.1,741091135.2
06/04/1976,-0.0223,764591084.8
06/05/1976,-0.23,778181757.8
06/05/1976,-0.1228,801169067.2
06/06/1976,-0.15,792190800.9
06/06/1976,-0.074,749391754.1
06/07/1976,-0.12,725733093.8
06/07/1976,-0.0846,727560082.7
06/08/1976,-0.18,726648237.2
06/08/1976,-0.0894,815966802
06/09/1976,-0.09,702803303.4
06/09/1976,-0.0426,804743514.4
06/10/1976,-0.26,757195173.1
06/10/1976,-0.1821,751512767.1
06/11/1976,-0.06,780379678.1
06/11/1976,-0.0432,788707968.8
06/12/1976,0.09,704708236.7
06/12/1976,0.0906,737139479.6
06/01/1977,0.18,830235498.7
06/01/1977,0.0639,766088235.4
06/02/1977,0.2,761369814.6
06/02/1977,0.2384,788275694.6
06/03/1977,0.25,774805514.5
06/03/1977,0.3109,782927510.7
06/04/1977,0.27,791577786
06/04/1977,0.282,802780184.4
06/05/1977,0.3,780560301.9
06/05/1977,0.2368,747505425.5
06/06/1977,0.25,808916134.6
06/06/1977,0.2474,810490664.3
06/07/1977,0.23,800045893.8
06/07/1977,0.1737,815144423.2
06/08/1977,0.19,813379708.9
06/08/1977,0.1418,819770785.6
06/09/1977,0.02,845471217.3
06/09/1977,0.1867,780681036.3
06/10/1977,0.04,741283771.1
06/10/1977,0.1189,831745574
06/11/1977,0.2,756541801
06/11/1977,0.2603,735108644.3
06/12/1977,0.05,786976709.3
06/12/1977,0.1124,787149610
06/01/1978,0.08,821998809.7
06/01/1978,0.1606,813660001.8
06/02/1978,0.14,789813349.4
06/02/1978,0.1306,819424406.3
06/03/1978,0.21,827552686.4
06/03/1978,0.2228,851411778.5
06/04/1978,0.15,866944472.4
06/04/1978,0.1324,745796366.9
06/05/1978,0.07,810411329.8
06/05/1978,0.0596,794706102.8
06/06/1978,-0.03,749058103.7
06/06/1978,0.0532,763334494.1
06/07/1978,0.07,811655236.6
06/07/1978,0.0699,825944732.2
06/08/1978,-0.18,849241754.5
06/08/1978,0.0033,852198567.1
06/09/1978,0.05,769175739.7
06/09/1978,0.0748,824313681.3
06/10/1978,0,825424363.5
06/10/1978,0.0646,768255043.3
06/11/1978,0.16,840089499.9
06/11/1978,0.2245,843782726.9
06/12/1978,0.11,845365527.4
06/12/1978,0.1512,754679365.8
06/01/1979,0.14,836399377.9
06/01/1979,0.1602,811993210.7
06/02/1979,-0.09,845779155
06/02/1979,0.0922,773866186.3
06/03/1979,0.19,835688042.2
06/03/1979,0.243,878237772.7
06/04/1979,0.13,821287590.8
06/04/1979,0.1112,779555470.2
06/05/1979,0.06,767753728.6
06/05/1979,0.1569,792015302.3
06/06/1979,0.14,822638877.5
06/06/1979,0.2183,792036284.9
06/07/1979,0.03,835241107.4
06/07/1979,0.1746,815925343
06/08/1979,0.14,826364260.2
06/08/1979,0.2263,807498805.9
06/09/1979,0.27,815846874.9
06/09/1979,0.2519,839796294.3
06/10/1979,0.26,763391788.3
06/10/1979,0.2945,772130338.4
06/11/1979,0.29,760470307.1
06/11/1979,0.2953,814814574.7
06/12/1979,0.47,798171996.3
06/12/1979,0.5032,762549100.5
06/01/1980,0.3,746638757.7
06/01/1980,0.308,723003321.1
06/02/1980,0.42,789854478
06/02/1980,0.3506,749464671.8
06/03/1980,0.29,803047143.3
06/03/1980,0.2389,740865782.1
06/04/1980,0.32,723141792.5
06/04/1980,0.3082,809028077.6
06/05/1980,0.34,832610784.1
06/05/1980,0.316,825560623.2
06/06/1980,0.16,735553984
06/06/1980,0.2474,770625349.7
06/07/1980,0.28,761020020.5
06/07/1980,0.2172,798467581.1
06/08/1980,0.24,831403509
06/08/1980,0.1957,830841674.1
06/09/1980,0.21,803830379.5
06/09/1980,0.2008,837247565.1
06/10/1980,0.2,771207024.6
06/10/1980,0.1821,820365466.5
06/11/1980,0.3,809096429.7
06/11/1980,0.3319,752459888.9
06/12/1980,0.21,803511342.9
06/12/1980,0.2674,772520933.1
06/01/1981,0.56,788568920.7
06/01/1981,0.4656,788399395.3
06/02/1981,0.41,826317458.9
06/02/1981,0.3629,812216422
06/03/1981,0.48,756182709.6
06/03/1981,0.4083,716682421.6
06/04/1981,0.32,753870482
06/04/1981,0.3579,763308395.8
06/05/1981,0.25,785069035.4
06/05/1981,0.262,778696573.8
06/06/1981,0.31,758792897.1
06/06/1981,0.2853,755662775.6
06/07/1981,0.35,782253101.2
06/07/1981,0.2268,712409561.2
06/08/1981,0.35,833773489.5
06/08/1981,0.2428,716251693.7
06/09/1981,0.17,806203396.6
06/09/1981,0.186,783884441.7
06/10/1981,0.13,754471157.2
06/10/1981,0.1687,797128317.9
06/11/1981,0.21,764881009.1
06/11/1981,0.2119,795829016.8
06/12/1981,0.4,838479857
06/12/1981,0.42,831632440.6
06/01/1982,0.09,735007717.2
06/01/1982,0.1342,742198079.8
06/02/1982,0.14,748927866.8
06/02/1982,0.1593,810782990.7
06/03/1982,-0.01,838780753.8
06/03/1982,0.0833,728105552.6
06/04/1982,0.1,784248429.7
06/04/1982,0.2054,837906544.1
06/05/1982,0.16,782822076.6
06/05/1982,0.1923,843913111.4
06/06/1982,0.05,850006593.2
06/06/1982,0.1231,776562145.5
06/07/1982,0.13,768335458.8
06/07/1982,0.1436,843166702.9
06/08/1982,0.08,748641377.8
06/08/1982,0.1406,829437232.3
06/09/1982,0.15,733087949.6
06/09/1982,0.233,765229762.7
06/10/1982,0.13,824013668.7
06/10/1982,0.1771,738902967.1
06/11/1982,0.14,820853654.4
06/11/1982,0.151,761911251.7
06/12/1982,0.43,770319177.3
06/12/1982,0.4355,793113495.4
06/01/1983,0.52,777543477.6
06/01/1983,0.5169,816469457.8
06/02/1983,0.4,854279869.8
06/02/1983,0.4834,839800321.3
06/03/1983,0.42,739562992.1
06/03/1983,0.4256,864328984.3
06/04/1983,0.3,810866567.2
06/04/1983,0.2918,760687198
06/05/1983,0.35,862162082.6
06/05/1983,0.2881,849259867.4
06/06/1983,0.18,776546898.8
06/06/1983,0.2629,756254770.5
06/07/1983,0.15,813483014.5
06/07/1983,0.2663,827640528.5
06/08/1983,0.3,847562126.2
06/08/1983,0.3228,835150290.7
06/09/1983,0.38,780985154
06/09/1983,0.3175,824217494.9
06/10/1983,0.15,802934516.2
06/10/1983,0.2113,824430514.6
06/11/1983,0.3,788781152.8
06/11/1983,0.4313,790805925.8
06/12/1983,0.17,824699706.2
06/12/1983,0.2748,757781138.3
06/01/1984,0.3,814212072.4
06/01/1984,0.2831,826494188.9
06/02/1984,0.17,809699673.3
06/02/1984,0.1753,817268645.2
06/03/1984,0.29,896560989.3
06/03/1984,0.272,905738288.5
06/04/1984,0.08,782224678
06/04/1984,0.1503,884535761
06/05/1984,0.33,904457284.4
06/05/1984,0.2834,791709567.2
06/06/1984,0.04,786368792.1
06/06/1984,0.1306,900387959.7
06/07/1984,0.16,840437752.3
06/07/1984,0.1193,880395603.5
06/08/1984,0.15,840749759.4
06/08/1984,0.1687,853440054.5
06/09/1984,0.2,804169490
06/09/1984,0.1431,794038426.7
06/10/1984,0.15,775053907.9
06/10/1984,0.1187,830698622.5
06/11/1984,0.04,846882407.3
06/11/1984,0.0365,877693614.4
06/12/1984,-0.06,878110245.1
06/12/1984,-0.0926,775496436.2
06/01/1985,0.21,805857556.3
06/01/1985,0.1783,913270271.6
06/02/1985,-0.06,838563239
06/02/1985,0.0176,788361821.1
06/03/1985,0.17,792767817.1
06/03/1985,0.1875,812472442.3
06/04/1985,0.11,917009307.7
06/04/1985,0.1488,850078063.1
06/05/1985,0.17,912644462.6
06/05/1985,0.1959,872476175.2
06/06/1985,0.17,908135086.9
06/06/1985,0.129,907808280
06/07/1985,0,857782738.3
06/07/1985,0.0779,898433170.7
06/08/1985,0.15,872541862.5
06/08/1985,0.1287,788453423.7
06/09/1985,0.14,836556353.6
06/09/1985,0.101,843254959
06/10/1985,0.11,800984726.2
06/10/1985,0.1303,795275078.8
06/11/1985,0.09,815353139.6
06/11/1985,0.1181,898934705.3
06/12/1985,0.15,814359285.9
06/12/1985,0.1978,860320733.7
06/01/1986,0.3,871030401.9
06/01/1986,0.3249,861824345.4
06/02/1986,0.39,854037239
06/02/1986,0.2788,904129793.1
06/03/1986,0.29,841978526.4
06/03/1986,0.2966,915998685.6
06/04/1986,0.26,912517731.3
06/04/1986,0.2613,822354769.8
06/05/1986,0.26,949875046.1
06/05/1986,0.2507,829822252.2
06/06/1986,0.12,948173250.7
06/06/1986,0.2534,909493744.3
06/07/1986,0.13,833204533.1
06/07/1986,0.1686,883708513.2
06/08/1986,0.12,840259882.6
06/08/1986,0.1698,916489314
06/09/1986,0.02,814242691.2
06/09/1986,0.1716,897778333.7
06/10/1986,0.14,900667836.1
06/10/1986,0.2066,915968799.9
06/11/1986,0.11,868376230.3
06/11/1986,0.1548,843399036.5
06/12/1986,0.16,914929675.6
06/12/1986,0.2179,812443327.9
06/01/1987,0.36,917730705.9
06/01/1987,0.3115,955626273.8
06/02/1987,0.46,895626050.6
06/02/1987,0.5028,857253635.5
06/03/1987,0.17,879089319.2
06/03/1987,0.2541,916979821.9
06/04/1987,0.24,906747363.4
06/04/1987,0.3009,928633839.2
06/05/1987,0.26,964498908.1
06/05/1987,0.3339,898264396.2
06/06/1987,0.36,934893340.9
06/06/1987,0.3013,954140429.3
06/07/1987,0.46,847410821.2
06/07/1987,0.4182,876492023.9
06/08/1987,0.28,932624842.2
06/08/1987,0.3832,922064637.6
06/09/1987,0.39,871509003.3
06/09/1987,0.4321,888971912.9
06/10/1987,0.32,919056575.5
06/10/1987,0.3347,917541460.2
06/11/1987,0.25,904412862.7
06/11/1987,0.3306,857159427.6
06/12/1987,0.47,939740295.9
06/12/1987,0.5316,979502802.9
06/01/1988,0.57,984551080.4
06/01/1988,0.5487,891472077.2
06/02/1988,0.42,888570361.5
06/02/1988,0.3901,861925695.2
06/03/1988,0.49,904097635.6
06/03/1988,0.4828,947202711.1
06/04/1988,0.45,889679848.1
06/04/1988,0.4426,923652542.7
06/05/1988,0.44,976959352
06/05/1988,0.3811,948308278.1
06/06/1988,0.42,931601348.4
06/06/1988,0.3865,929447622.6
06/07/1988,0.35,925986464.1
06/07/1988,0.3431,871127463.4
06/08/1988,0.46,951386054.8
06/08/1988,0.3199,917083524.8
06/09/1988,0.42,927263246.5
06/09/1988,0.3211,986683647.4
06/10/1988,0.4,916401144
06/10/1988,0.3009,928090230.8
06/11/1988,0.13,848407795.7
06/11/1988,0.2291,992320948.5
06/12/1988,0.34,955529709.9
06/12/1988,0.3626,895612997.1
06/01/1989,0.16,944635114.1
06/01/1989,0.2157,959659927.3
06/02/1989,0.35,895117676.4
06/02/1989,0.3072,954879720.6
06/03/1989,0.36,879448945.4
06/03/1989,0.336,970488902.5
06/04/1989,0.33,957531156.3
06/04/1989,0.2891,965554413.3
06/05/1989,0.17,950865463.7
06/05/1989,0.2779,902250938.1
06/06/1989,0.15,1013943786
06/06/1989,0.2727,987500767.9
06/07/1989,0.34,968336990.6
06/07/1989,0.3016,931482113
06/08/1989,0.36,960820382.2
06/08/1989,0.3021,930048567.1
06/09/1989,0.37,910932337.3
06/09/1989,0.3019,982018396.6
06/10/1989,0.32,877987454.4
06/10/1989,0.3044,999063819.9
06/11/1989,0.21,880254782.5
06/11/1989,0.2541,989772321.7
06/12/1989,0.37,873902939
06/12/1989,0.4013,1011115004
06/01/1990,0.41,949966294.4
06/01/1990,0.3613,1041740479
06/02/1990,0.41,984638814.9
06/02/1990,0.4072,964906272.6
06/03/1990,0.76,903690361.8
06/03/1990,0.7328,1020326618
06/04/1990,0.55,1007968926
06/04/1990,0.4907,951652781.6
06/05/1990,0.46,1047456811
06/05/1990,0.4274,988611747
06/06/1990,0.38,958887442.4
06/06/1990,0.4114,961639585.3
06/07/1990,0.44,924279506.8
06/07/1990,0.3453,928765920.8
06/08/1990,0.3,989795270.9
06/08/1990,0.3479,904805236.6
06/09/1990,0.3,919616343.5
06/09/1990,0.3144,914816386.3
06/10/1990,0.43,929120641.3
06/10/1990,0.4277,1052245015
06/11/1990,0.46,991020386.3
06/11/1990,0.4797,923720407.5
06/12/1990,0.42,911792964
06/12/1990,0.4481,998065116.8
06/01/1991,0.42,945711459.5
06/01/1991,0.4512,919258141
06/02/1991,0.51,918775250.2
06/02/1991,0.4661,974743999.2
06/03/1991,0.36,885228515.8
06/03/1991,0.3658,890020727.6
06/04/1991,0.53,996482636.9
06/04/1991,0.5168,947816802
06/05/1991,0.39,998443607.7
06/05/1991,0.4107,934878129.4
06/06/1991,0.54,874641555.9
06/06/1991,0.4813,926276559.2
06/07/1991,0.51,863528033.9
06/07/1991,0.4462,955344048.8
06/08/1991,0.42,895112588.7
06/08/1991,0.388,955547648.9
06/09/1991,0.5,985944593.1
06/09/1991,0.3863,938644581.5
06/10/1991,0.32,968616346.2
06/10/1991,0.3292,970726958.9
06/11/1991,0.31,903698042.1
06/11/1991,0.3175,969485011
06/12/1991,0.33,877156911.5
06/12/1991,0.3064,948869180.8
06/01/1992,0.45,1001486765
06/01/1992,0.4721,924297606.3
06/02/1992,0.42,949971185.7
06/02/1992,0.4485,1013675246
06/03/1992,0.47,962684753.8
06/03/1992,0.4333,895520480.5
06/04/1992,0.24,870663936.2
06/04/1992,0.2936,967234014.5
06/05/1992,0.32,1010077162
06/05/1992,0.3276,953345184.5
06/06/1992,0.24,942966493.5
06/06/1992,0.2821,950313360.6
06/07/1992,0.13,877879300.8
06/07/1992,0.1359,962406546.3
06/08/1992,0.1,873440392.9
06/08/1992,0.1405,1002309341
06/09/1992,0.01,940925170
06/09/1992,0.0588,987319236.4
06/10/1992,0.11,1005301014
06/10/1992,0.1154,908758228.3
06/11/1992,0.04,903873900.2
06/11/1992,0.0943,875169974.4
06/12/1992,0.22,927790816.8
06/12/1992,0.2833,975193099.8
06/01/1993,0.37,920701822.3
06/01/1993,0.384,953972238.9
06/02/1993,0.39,928966796.4
06/02/1993,0.3967,1003494193
06/03/1993,0.36,916205526.2
06/03/1993,0.4208,954590142.9
06/04/1993,0.28,963271232.3
06/04/1993,0.3155,950612973
06/05/1993,0.26,892994759.5
06/05/1993,0.3438,957324485.8
06/06/1993,0.24,1022954890
06/06/1993,0.293,879162793.6
06/07/1993,0.28,936429745.1
06/07/1993,0.2336,1017328702
06/08/1993,0.13,951119432.5
06/08/1993,0.2118,886915464
06/09/1993,0.11,961361511.2
06/09/1993,0.1692,1011709144
06/10/1993,0.24,962840989.2
06/10/1993,0.2442,911857611.7
06/11/1993,0.07,938551924.5
06/11/1993,0.092,1037274650
06/12/1993,0.19,978360377.8
06/12/1993,0.3188,905786312.9
06/01/1994,0.3,888942286.8
06/01/1994,0.2902,1026955080
06/02/1994,0.04,933475536.8
06/02/1994,0.0791,1007276758
06/03/1994,0.26,921812284.8
06/03/1994,0.3568,990602923.1
06/04/1994,0.41,954786664.8
06/04/1994,0.3568,895066871
06/05/1994,0.29,945428907.3
06/05/1994,0.3819,992045737.4
06/06/1994,0.42,1041843940
06/06/1994,0.387,956757835.6
06/07/1994,0.32,910516327.9
06/07/1994,0.3155,1031481576
06/08/1994,0.23,909084250.6
06/08/1994,0.3119,1043533571
06/09/1994,0.32,967353635.5
06/09/1994,0.33,960923957.3
06/10/1994,0.42,1005365448
06/10/1994,0.4273,922983225.8
06/11/1994,0.46,1012609622
06/11/1994,0.453,998665066.7
06/12/1994,0.36,989034558.1
06/12/1994,0.4009,1025613005
06/01/1995,0.5,1049144979
06/01/1995,0.5487,961828959.6
06/02/1995,0.77,922098752.8
06/02/1995,0.6895,980710820.9
06/03/1995,0.45,1075379248
06/03/1995,0.4637,927396190.6
06/04/1995,0.47,1048939938
06/04/1995,0.4097,927261187.4
06/05/1995,0.29,1028407500
06/05/1995,0.3537,913118837
06/06/1995,0.45,925346059.5
06/06/1995,0.4657,970133770
06/07/1995,0.49,1040248415
06/07/1995,0.4295,1073422169
06/08/1995,0.48,1006474366
06/08/1995,0.5056,1067864639
06/09/1995,0.34,1050603604
06/09/1995,0.3865,955271153.5
06/10/1995,0.49,1015841174
06/10/1995,0.4376,1007751499
06/11/1995,0.45,1073355198
06/11/1995,0.455,989592226.8
06/12/1995,0.3,992716596.3
06/12/1995,0.3477,1047936358
06/01/1996,0.27,1048527360
06/01/1996,0.2625,1008775325
06/02/1996,0.5,1020855084
06/02/1996,0.4562,1058773515
06/03/1996,0.34,1017752440
06/03/1996,0.3242,994040056.1
06/04/1996,0.38,1085727161
06/04/1996,0.2725,940308970.5
06/05/1996,0.3,1058272634
06/05/1996,0.3908,948574384.9
06/06/1996,0.27,1009451714
06/06/1996,0.3547,1031677097
06/07/1996,0.37,1022636414
06/07/1996,0.3238,985170333.3
06/08/1996,0.49,1027512318
06/08/1996,0.3206,979312470
06/09/1996,0.27,961283195.7
06/09/1996,0.2696,1011712167
06/10/1996,0.2,933488824.6
06/10/1996,0.2276,1031940696
06/11/1996,0.42,1005766450
06/11/1996,0.2816,964239269.8
06/12/1996,0.41,1052924298
06/12/1996,0.3893,992425972.7
06/01/1997,0.33,1078855876
06/01/1997,0.3746,1051178045
06/02/1997,0.37,950173096.2
06/02/1997,0.4288,950786564
06/03/1997,0.52,953736780.5
06/03/1997,0.4617,1029332615
06/04/1997,0.38,945970171.4
06/04/1997,0.4551,994484999.5
06/05/1997,0.39,1026688869
06/05/1997,0.4235,1075153043
06/06/1997,0.55,1045330390
06/06/1997,0.5308,1036185030
06/07/1997,0.35,959769180.4
06/07/1997,0.5101,1000406486
06/08/1997,0.43,970551882.5
06/08/1997,0.5491,1017963477
06/09/1997,0.56,969154187.1
06/09/1997,0.625,1022461007
06/10/1997,0.64,1029050889
06/10/1997,0.6487,946244194.5
06/11/1997,0.66,993569144.9
06/11/1997,0.5865,1028985697
06/12/1997,0.6,974474029.3
06/12/1997,0.6302,1061613155
06/01/1998,0.61,1082419327
06/01/1998,0.6042,1067856784
06/02/1998,0.9,995431868.7
06/02/1998,0.866,1026207989
06/03/1998,0.63,1066927115
06/03/1998,0.6396,944942207.9
06/04/1998,0.64,1046956219
06/04/1998,0.7358,998719276.4
06/05/1998,0.71,934133289.3
06/05/1998,0.6679,1016346746
06/06/1998,0.78,1060092119
06/06/1998,0.6657,1000450481
06/07/1998,0.71,940234163.9
06/07/1998,0.7358,1016204362
06/08/1998,0.68,1067539296
06/08/1998,0.6816,1038486860
06/09/1998,0.45,943331467.3
06/09/1998,0.5271,1088978168
06/10/1998,0.47,1051462548
06/10/1998,0.4965,1023777249
06/11/1998,0.5,965812085.8
06/11/1998,0.4132,1020051554
06/12/1998,0.56,1083156183
06/12/1998,0.5796,951533400.5
06/01/1999,0.48,1105586347
06/01/1999,0.5007,964965400.2
06/02/1999,0.66,1067305133
06/02/1999,0.6733,1109092177
06/03/1999,0.34,1104330964
06/03/1999,0.3702,972803522.5
06/04/1999,0.34,1053499795
06/04/1999,0.459,955490826.6
06/05/1999,0.33,1038284790
06/05/1999,0.4086,1020373005
06/06/1999,0.37,1085339830
06/06/1999,0.4203,997156004
06/07/1999,0.41,1106424684
06/07/1999,0.4029,997445566.6
06/08/1999,0.34,1126187372
06/08/1999,0.3695,959554855.3
06/09/1999,0.43,995294255.4
06/09/1999,0.3976,1083589598
06/10/1999,0.43,1106958975
06/10/1999,0.3773,1090000739
06/11/1999,0.42,1015448480
06/11/1999,0.3688,1105551151
06/12/1999,0.46,1060414348
06/12/1999,0.5779,997944490.8
06/01/2000,0.26,1119351303
06/01/2000,0.3467,1035099644
06/02/2000,0.58,1051573447
06/02/2000,0.5439,1046315085
06/03/2000,0.6,1001504609
06/03/2000,0.5561,1149436469
06/04/2000,0.59,1076341363
06/04/2000,0.6311,1113344505
06/05/2000,0.4,1071730003
06/05/2000,0.4657,1023901842
06/06/2000,0.44,1033688385
06/06/2000,0.4076,1047442568
06/07/2000,0.42,988226504.1
06/07/2000,0.3919,992541727.5
06/08/2000,0.43,1161065328
06/08/2000,0.4557,1011784355
06/09/2000,0.42,1055772434
06/09/2000,0.4384,1053518345
06/10/2000,0.3,1004176605
06/10/2000,0.3027,1005120243
06/11/2000,0.34,1026647707
06/11/2000,0.2557,1111087088
06/12/2000,0.3,1015418295
06/12/2000,0.3192,1137114665
06/01/2001,0.44,1014838166
06/01/2001,0.472,1099648951
06/02/2001,0.46,1109063888
06/02/2001,0.3946,1105321817
06/03/2001,0.58,999236947.4
06/03/2001,0.6293,1159503168
06/04/2001,0.52,1126035411
06/04/2001,0.5666,1000533128
06/05/2001,0.59,1040675742
06/05/2001,0.5997,1032106790
06/06/2001,0.55,1033571821
06/06/2001,0.5373,1117130225
06/07/2001,0.61,1125360128
06/07/2001,0.5586,1139878555
06/08/2001,0.49,1122005225
06/08/2001,0.6032,1070598173
06/09/2001,0.56,1094863413
06/09/2001,0.505,1113395155
06/10/2001,0.52,1014743343
06/10/2001,0.5006,1080266050
06/11/2001,0.7,1123814130
06/11/2001,0.688,1039199282
06/12/2001,0.55,1101425015
06/12/2001,0.5128,1047971756
06/01/2002,0.75,1200683362
06/01/2002,0.6962,1159304910
06/02/2002,0.76,1205362259
06/02/2002,0.7846,1087286763
06/03/2002,0.91,1149472162
06/03/2002,0.7887,1146302255
06/04/2002,0.58,1169651845
06/04/2002,0.5725,1238221960
06/05/2002,0.65,1149011966
06/05/2002,0.5656,1083272554
06/06/2002,0.54,1147613241
06/06/2002,0.589,1103988914
06/07/2002,0.62,1096596318
06/07/2002,0.6229,1089466151
06/08/2002,0.55,1073455029
06/08/2002,0.5359,1131406694
06/09/2002,0.65,1106293010
06/09/2002,0.5661,1186015623
06/10/2002,0.57,1080781522
06/10/2002,0.4773,1163987346
06/11/2002,0.59,1056336855
06/11/2002,0.5918,1160384365
06/12/2002,0.43,1093410757
06/12/2002,0.4366,1097878119
06/01/2003,0.73,1190870227
06/01/2003,0.6907,1230243785
06/02/2003,0.55,1149058055
06/02/2003,0.5626,1285062252
06/03/2003,0.57,1105190500
06/03/2003,0.5702,1092726962
06/04/2003,0.55,1093683649
06/04/2003,0.5601,1271219908
06/05/2003,0.62,1133873441
06/05/2003,0.5954,1155565344
06/06/2003,0.49,1211430290
06/06/2003,0.5381,1226435892
06/07/2003,0.55,1094104261
06/07/2003,0.5408,1282483353
06/08/2003,0.66,1172124491
06/08/2003,0.6202,1234369435
06/09/2003,0.66,1236647369
06/09/2003,0.6412,1224537030
06/10/2003,0.75,1158716582
06/10/2003,0.7271,1273257562
06/11/2003,0.55,1191188238
06/11/2003,0.5784,1120204810
06/12/2003,0.75,1242012594
06/12/2003,0.7361,1095445220
06/01/2004,0.59,1308662570
06/01/2004,0.5979,1328431218
06/02/2004,0.71,1190049774
06/02/2004,0.7232,1218167782
06/03/2004,0.64,1227368245
06/03/2004,0.6964,1220332411
06/04/2004,0.62,1317348502
06/04/2004,0.594,1198622046
06/05/2004,0.42,1208962908
06/05/2004,0.4442,1333673214
06/06/2004,0.43,1162143737
06/06/2004,0.4707,1287396039
06/07/2004,0.26,1161524884
06/07/2004,0.4806,1169523469
06/08/2004,0.45,1155107895
06/08/2004,0.5141,1205825261
06/09/2004,0.53,1160077661
06/09/2004,0.5331,1211665847
06/10/2004,0.66,1241661092
06/10/2004,0.6177,1192071917
06/11/2004,0.72,1264738175
06/11/2004,0.7601,1279386746
06/12/2004,0.52,1195683661
06/12/2004,0.5081,1172464285
06/01/2005,0.72,1220480195
06/01/2005,0.6223,1254500141
06/02/2005,0.58,1238417786
06/02/2005,0.5143,1313130016
06/03/2005,0.69,1182630322
06/03/2005,0.6918,1313054307
06/04/2005,0.69,1219882849
06/04/2005,0.7314,1310805829
06/05/2005,0.65,1238382146
06/05/2005,0.6573,1285844775
06/06/2005,0.67,1250792074
06/06/2005,0.6722,1338653532
06/07/2005,0.66,1181107346
06/07/2005,0.6572,1320944500
06/08/2005,0.63,1373009049
06/08/2005,0.6247,1196494607
06/09/2005,0.78,1176804744
06/09/2005,0.6867,1195109870
06/10/2005,0.8,1351723239
06/10/2005,0.693,1304777396
06/11/2005,0.76,1214547728
06/11/2005,0.728,1254785755
06/12/2005,0.68,1295214090
06/12/2005,0.6235,1343461693
06/01/2006,0.57,1261073489
06/01/2006,0.4567,1390651855
06/02/2006,0.7,1208548004
06/02/2006,0.6221,1230736087
06/03/2006,0.63,1278396518
06/03/2006,0.5931,1387728293
06/04/2006,0.5,1281645993
06/04/2006,0.5177,1367777094
06/05/2006,0.47,1394116214
06/05/2006,0.5499,1370475263
06/06/2006,0.64,1319265683
06/06/2006,0.6399,1315927580
06/07/2006,0.54,1379091389
06/07/2006,0.6218,1353992824
06/08/2006,0.72,1292945383
06/08/2006,0.6231,1189291175
06/09/2006,0.64,1274873880
06/09/2006,0.6337,1223318526
06/10/2006,0.69,1351724611
06/10/2006,0.6774,1332791350
06/11/2006,0.72,1209567943
06/11/2006,0.6449,1369867886
06/12/2006,0.77,1204971181
06/12/2006,0.7692,1305084079
06/01/2007,0.96,1229680028
06/01/2007,0.8839,1281697186
06/02/2007,0.7,1278474098
06/02/2007,0.6609,1334867459
06/03/2007,0.7,1344324797
06/03/2007,0.6668,1383400386
06/04/2007,0.76,1365508837
06/04/2007,0.7336,1385625585
06/05/2007,0.67,1300053120
06/05/2007,0.609,1270095529
06/06/2007,0.58,1370182197
06/06/2007,0.5374,1407609808
06/07/2007,0.62,1362411257
06/07/2007,0.5286,1256358534
06/08/2007,0.6,1344567055
06/08/2007,0.5509,1291006309
06/09/2007,0.64,1398046300
06/09/2007,0.5775,1234918682
06/10/2007,0.6,1356014088
06/10/2007,0.567,1398763780
06/11/2007,0.57,1278610335
06/11/2007,0.5172,1358747523
06/12/2007,0.5,1289111824
06/12/2007,0.4872,1425959182
06/01/2008,0.24,1236213127
06/01/2008,0.2746,1217170976
06/02/2008,0.36,1272595699
06/02/2008,0.3774,1317524914
06/03/2008,0.73,1319274047
06/03/2008,0.7625,1214577001
06/04/2008,0.53,1343502802
06/04/2008,0.4827,1388305437
06/05/2008,0.51,1354802319
06/05/2008,0.5011,1429783898
06/06/2008,0.48,1226232612
06/06/2008,0.5314,1237681765
06/07/2008,0.6,1361908996
06/07/2008,0.5796,1285523026
06/08/2008,0.44,1298241224
06/08/2008,0.5594,1325094877
06/09/2008,0.65,1429042433
06/09/2008,0.5318,1312155910
06/10/2008,0.67,1223473162
06/10/2008,0.669,1258244981
06/11/2008,0.66,1307227023
06/11/2008,0.6703,1369917328
06/12/2008,0.54,1309820624
06/12/2008,0.5635,1425886251
06/01/2009,0.62,1371921020
06/01/2009,0.5955,1460360910
06/02/2009,0.53,1321409900
06/02/2009,0.5679,1362118557
06/03/2009,0.53,1263415039
06/03/2009,0.5794,1368981370
06/04/2009,0.61,1428698000
06/04/2009,0.6539,1433933004
06/05/2009,0.65,1384396619
06/05/2009,0.5868,1424327944
06/06/2009,0.65,1364123993
06/06/2009,0.6741,1377553989
06/07/2009,0.72,1460812103
06/07/2009,0.6439,1374760731
06/08/2009,0.66,1370966056
06/08/2009,0.6998,1417655657
06/09/2009,0.7,1273192425
06/09/2009,0.7083,1260623937
06/10/2009,0.64,1455380699
06/10/2009,0.6418,1418243833
06/11/2009,0.77,1433148475
06/11/2009,0.6716,1460113907
06/12/2009,0.65,1334796683
06/12/2009,0.6176,1310976220
06/01/2010,0.73,1324987887
06/01/2010,0.6958,1433015811
06/02/2010,0.78,1338658500
06/02/2010,0.708,1542677706
06/03/2010,0.92,1540060559
06/03/2010,0.847,1351799295
06/04/2010,0.87,1438907713
06/04/2010,0.8287,1315727728
06/05/2010,0.75,1352387895
06/05/2010,0.7582,1548096374
06/06/2010,0.64,1536338958
06/06/2010,0.7339,1368267228
06/07/2010,0.62,1531209865
06/07/2010,0.7287,1371923791
06/08/2010,0.65,1345223515
06/08/2010,0.6595,1322710216
06/09/2010,0.61,1515203096
06/09/2010,0.5724,1485549425
06/10/2010,0.71,1348690651
06/10/2010,0.6268,1463291740
06/11/2010,0.79,1432117494
06/11/2010,0.7682,1506085509
06/12/2010,0.49,1336578167
06/12/2010,0.4894,1460073448
06/01/2011,0.51,1467038496
06/01/2011,0.4706,1351477676
06/02/2011,0.53,1456816457
06/02/2011,0.4976,1429709861
06/03/2011,0.64,1361359709
06/03/2011,0.5915,1389023150
06/04/2011,0.65,1394616068
06/04/2011,0.6522,1472661188
06/05/2011,0.53,1573558926
06/05/2011,0.5741,1525655574
06/06/2011,0.59,1466122150
06/06/2011,0.6465,1424084371
06/07/2011,0.73,1499622004
06/07/2011,0.6282,1530428742
06/08/2011,0.73,1411965007
06/08/2011,0.616,1410749479
06/09/2011,0.56,1430845814
06/09/2011,0.5998,1521063912
06/10/2011,0.66,1359573445
06/10/2011,0.6349,1559852328
06/11/2011,0.56,1442231385
06/11/2011,0.4857,1531773742
06/12/2011,0.54,1369966426
06/12/2011,0.5485,1379812230
06/01/2012,0.46,1396786402
06/01/2012,0.4228,1500103736
06/02/2012,0.49,1397822338
06/02/2012,0.4235,1360966205
06/03/2012,0.58,1493314253
06/03/2012,0.5218,1434141805
06/04/2012,0.69,1438835896
06/04/2012,0.7335,1483122381
06/05/2012,0.76,1407248083
06/05/2012,0.7221,1405826560
06/06/2012,0.62,1510788074
06/06/2012,0.7039,1499231660
06/07/2012,0.57,1565701005
06/07/2012,0.6884,1502698092
06/08/2012,0.63,1375588171
06/08/2012,0.6694,1545034180
06/09/2012,0.76,1392579945
06/09/2012,0.7266,1417446332
06/10/2012,0.78,1377689223
06/10/2012,0.7022,1491261217
06/11/2012,0.75,1526712272
06/11/2012,0.7087,1544621621
06/12/2012,0.53,1548962294
06/12/2012,0.4655,1370781804
06/01/2013,0.68,1548772340
06/01/2013,0.5873,1523616032
06/02/2013,0.55,1418499428
06/02/2013,0.6357,1401377419
06/03/2013,0.66,1447641437
06/03/2013,0.6139,1451995764
06/04/2013,0.52,1374148629
06/04/2013,0.561,1404154889
06/05/2013,0.61,1565626645
06/05/2013,0.7141,1420811725
06/06/2013,0.65,1556906034
06/06/2013,0.6838,1437860468
06/07/2013,0.59,1592916689
06/07/2013,0.6662,1501202518
06/08/2013,0.66,1484031618
06/08/2013,0.6605,1450989643
06/09/2013,0.78,1377586870
06/09/2013,0.6857,1412127216
06/10/2013,0.69,1594039093
06/10/2013,0.6787,1468158337
06/11/2013,0.81,1392169609
06/11/2013,0.8293,1524905061
06/12/2013,0.67,1404524276
06/12/2013,0.6981,1490806372
06/01/2014,0.73,1539726171
06/01/2014,0.6936,1387153584
06/02/2014,0.51,1504010038
06/02/2014,0.48,1571851457
06/03/2014,0.77,1413894624
06/03/2014,0.7695,1549664472
06/04/2014,0.78,1468664935
06/04/2014,0.8006,1419043891
06/05/2014,0.87,1553210411
06/05/2014,0.7938,1353071160
06/06/2014,0.66,1448147430
06/06/2014,0.7623,1353220896
06/07/2014,0.57,1465430524
06/07/2014,0.6988,1536133083
06/08/2014,0.82,1480114663
06/08/2014,0.7986,1358817191
06/09/2014,0.9,1537945594
06/09/2014,0.7872,1453111180
06/10/2014,0.85,1573944033
06/10/2014,0.7851,1458403471
06/11/2014,0.67,1455772938
06/11/2014,0.6895,1552545658
06/12/2014,0.79,1401693941
06/12/2014,0.8308,1373875214
06/01/2015,0.81,1572532353
06/01/2015,0.8141,1566905496
06/02/2015,0.86,1440353666
06/02/2015,0.8843,1562127360
06/03/2015,0.9,1578192569
06/03/2015,0.8969,1374165962
06/04/2015,0.74,1520956082
06/04/2015,0.7741,1362279266
06/05/2015,0.78,1357888171
06/05/2015,0.8584,1384854767
06/06/2015,0.78,1420043542
06/06/2015,0.8835,1569932752
06/07/2015,0.71,1415100603
06/07/2015,0.8072,1464480496
06/08/2015,0.78,1469007053
06/08/2015,0.8746,1533872616
06/09/2015,0.81,1432240078
06/09/2015,0.926,1543989146
06/10/2015,1.06,1432494567
06/10/2015,0.9913,1393578291
06/11/2015,1.04,1350146612
06/11/2015,0.9655,1513315000
06/12/2015,1.11,1396096256
06/12/2015,1.1219,1565859716
06/01/2016,1.17,1445892984
06/01/2016,1.0569,1377189861
06/02/2016,1.35,1602947206
06/02/2016,1.1921,1438711502
06/03/2016,1.3,1572686049
06/03/2016,1.2245,1445147298
06/04/2016,1.09,1394307012
06/04/2016,1.0733,1462884839
06/05/2016,0.93,1552605951
06/05/2016,0.8738,1474192957
06/06/2016,0.76,1408644932
06/06/2016,0.9006,1491019795
06/07/2016,0.83,1488496685
06/07/2016,0.8687,1520544353
06/08/2016,0.98,1547454109
06/08/2016,0.8998,1423763065
06/09/2016,0.87,1507271878
06/09/2016,0.8767,1460255006
06/10/2016,0.89,1497816591
06/10/2016,0.7292,1409438329
06/11/2016,0.93,1499202401
06/11/2016,0.7504,1608098857
06/12/2016,0.81,1610319338
06/12/2016,0.7895,1457457894
